"Campaign","Ad group","Keyword","Match type","Status","Final URL","Language","Zone"
"SRCH-PL-A-CORE","WIFI-REPAIR","naprawa wifi","Phrase","Paused","https://naserwis.pl/naprawa-wifi/","PL","core"
"SRCH-PL-A-CORE","WIFI-REPAIR","naprawa wifi","Exact","Paused","https://naserwis.pl/naprawa-wifi/","PL","core"
"SRCH-PL-A-CORE","WIFI-REPAIR","naprawa wifi warszawa","Phrase","Paused","https://naserwis.pl/naprawa-wifi/","PL","core"
"SRCH-PL-A-CORE","WIFI-REPAIR","naprawa wifi warszawa","Exact","Paused","https://naserwis.pl/naprawa-wifi/","PL","core"
"SRCH-PL-A-CORE","WIFI-REPAIR","konfiguracja routera","Phrase","Paused","https://naserwis.pl/naprawa-wifi/","PL","core"
"SRCH-PL-A-CORE","WIFI-REPAIR","konfiguracja routera","Exact","Paused","https://naserwis.pl/naprawa-wifi/","PL","core"
"SRCH-PL-A-CORE","WIFI-REPAIR","konfiguracja routera warszawa","Phrase","Paused","https://naserwis.pl/naprawa-wifi/","PL","core"
"SRCH-PL-A-CORE","WIFI-REPAIR","konfiguracja routera warszawa","Exact","Paused","https://naserwis.pl/naprawa-wifi/","PL","core"
"SRCH-PL-A-CORE","WIFI-REPAIR","montaż mesh","Phrase","Paused","https://naserwis.pl/naprawa-wifi/","PL","core"
"SRCH-PL-A-CORE","WIFI-REPAIR","montaż mesh","Exact","Paused","https://naserwis.pl/naprawa-wifi/","PL","core"
"SRCH-PL-A-CORE","WIFI-REPAIR","montaż mesh warszawa","Phrase","Paused","https://naserwis.pl/naprawa-wifi/","PL","core"
"SRCH-PL-A-CORE","WIFI-REPAIR","montaż mesh warszawa","Exact","Paused","https://naserwis.pl/naprawa-wifi/","PL","core"
"SRCH-PL-A-CORE","WIFI-REPAIR","słaby zasięg wifi","Phrase","Paused","https://naserwis.pl/naprawa-wifi/","PL","core"
"SRCH-PL-A-CORE","WIFI-REPAIR","słaby zasięg wifi","Exact","Paused","https://naserwis.pl/naprawa-wifi/","PL","core"
"SRCH-PL-A-CORE","WIFI-REPAIR","wifi nie działa","Phrase","Paused","https://naserwis.pl/naprawa-wifi/","PL","core"
"SRCH-PL-A-CORE","WIFI-REPAIR","wifi nie działa","Exact","Paused","https://naserwis.pl/naprawa-wifi/","PL","core"
"SRCH-PL-A-CORE","LAN-INSTALL","montaż sieci lan","Phrase","Paused","https://naserwis.pl/montaz-sieci/","PL","core"
"SRCH-PL-A-CORE","LAN-INSTALL","montaż sieci lan","Exact","Paused","https://naserwis.pl/montaz-sieci/","PL","core"
"SRCH-PL-A-CORE","LAN-INSTALL","montaż sieci lan warszawa","Phrase","Paused","https://naserwis.pl/montaz-sieci/","PL","core"
"SRCH-PL-A-CORE","LAN-INSTALL","montaż sieci lan warszawa","Exact","Paused","https://naserwis.pl/montaz-sieci/","PL","core"
"SRCH-PL-A-CORE","LAN-INSTALL","okablowanie strukturalne","Phrase","Paused","https://naserwis.pl/montaz-sieci/","PL","core"
"SRCH-PL-A-CORE","LAN-INSTALL","okablowanie strukturalne","Exact","Paused","https://naserwis.pl/montaz-sieci/","PL","core"
"SRCH-PL-A-CORE","LAN-INSTALL","okablowanie strukturalne warszawa","Phrase","Paused","https://naserwis.pl/montaz-sieci/","PL","core"
"SRCH-PL-A-CORE","LAN-INSTALL","okablowanie strukturalne warszawa","Exact","Paused","https://naserwis.pl/montaz-sieci/","PL","core"
"SRCH-PL-A-CORE","LAN-INSTALL","montaż gniazda rj45","Phrase","Paused","https://naserwis.pl/montaz-sieci/","PL","core"
"SRCH-PL-A-CORE","LAN-INSTALL","montaż gniazda rj45","Exact","Paused","https://naserwis.pl/montaz-sieci/","PL","core"
"SRCH-PL-A-CORE","LAN-INSTALL","zarabianie kabli rj45","Phrase","Paused","https://naserwis.pl/montaz-sieci/","PL","core"
"SRCH-PL-A-CORE","LAN-INSTALL","zarabianie kabli rj45","Exact","Paused","https://naserwis.pl/montaz-sieci/","PL","core"
"SRCH-PL-A-CORE","LAN-INSTALL","instalacja sieci komputerowej","Phrase","Paused","https://naserwis.pl/montaz-sieci/","PL","core"
"SRCH-PL-A-CORE","LAN-INSTALL","instalacja sieci komputerowej","Exact","Paused","https://naserwis.pl/montaz-sieci/","PL","core"
"SRCH-PL-A-CORE","LAN-INSTALL","montaż szafy rack","Phrase","Paused","https://naserwis.pl/montaz-sieci/","PL","core"
"SRCH-PL-A-CORE","LAN-INSTALL","montaż szafy rack","Exact","Paused","https://naserwis.pl/montaz-sieci/","PL","core"
"SRCH-PL-A-CORE","LAN-CCTV-REPAIR","naprawa sieci lan","Phrase","Paused","https://naserwis.pl/naprawa-sieci/","PL","core"
"SRCH-PL-A-CORE","LAN-CCTV-REPAIR","naprawa sieci lan","Exact","Paused","https://naserwis.pl/naprawa-sieci/","PL","core"
"SRCH-PL-A-CORE","LAN-CCTV-REPAIR","naprawa sieci lan warszawa","Phrase","Paused","https://naserwis.pl/naprawa-sieci/","PL","core"
"SRCH-PL-A-CORE","LAN-CCTV-REPAIR","naprawa sieci lan warszawa","Exact","Paused","https://naserwis.pl/naprawa-sieci/","PL","core"
"SRCH-PL-A-CORE","LAN-CCTV-REPAIR","serwis sieci komputerowych","Phrase","Paused","https://naserwis.pl/naprawa-sieci/","PL","core"
"SRCH-PL-A-CORE","LAN-CCTV-REPAIR","serwis sieci komputerowych","Exact","Paused","https://naserwis.pl/naprawa-sieci/","PL","core"
"SRCH-PL-A-CORE","LAN-CCTV-REPAIR","diagnostyka sieci lan","Phrase","Paused","https://naserwis.pl/naprawa-sieci/","PL","core"
"SRCH-PL-A-CORE","LAN-CCTV-REPAIR","diagnostyka sieci lan","Exact","Paused","https://naserwis.pl/naprawa-sieci/","PL","core"
"SRCH-PL-A-CORE","LAN-CCTV-REPAIR","naprawa okablowania","Phrase","Paused","https://naserwis.pl/naprawa-sieci/","PL","core"
"SRCH-PL-A-CORE","LAN-CCTV-REPAIR","naprawa okablowania","Exact","Paused","https://naserwis.pl/naprawa-sieci/","PL","core"
"SRCH-PL-A-CORE","LAN-CCTV-REPAIR","naprawa monitoringu","Phrase","Paused","https://naserwis.pl/naprawa-sieci/","PL","core"
"SRCH-PL-A-CORE","LAN-CCTV-REPAIR","naprawa monitoringu","Exact","Paused","https://naserwis.pl/naprawa-sieci/","PL","core"
"SRCH-PL-A-CORE","LAN-CCTV-REPAIR","serwis monitoringu cctv","Phrase","Paused","https://naserwis.pl/naprawa-sieci/","PL","core"
"SRCH-PL-A-CORE","LAN-CCTV-REPAIR","serwis monitoringu cctv","Exact","Paused","https://naserwis.pl/naprawa-sieci/","PL","core"
"SRCH-PL-A-CORE","LAN-CCTV-REPAIR","naprawa gniazda rj45","Phrase","Paused","https://naserwis.pl/naprawa-sieci/","PL","core"
"SRCH-PL-A-CORE","LAN-CCTV-REPAIR","naprawa gniazda rj45","Exact","Paused","https://naserwis.pl/naprawa-sieci/","PL","core"
"SRCH-PL-A-CORE","PC-LAPTOP-REPAIR","naprawa laptopów warszawa","Phrase","Paused","https://naserwis.pl/","PL","core"
"SRCH-PL-A-CORE","PC-LAPTOP-REPAIR","naprawa laptopów warszawa","Exact","Paused","https://naserwis.pl/","PL","core"
"SRCH-PL-A-CORE","PC-LAPTOP-REPAIR","naprawa komputerów warszawa","Phrase","Paused","https://naserwis.pl/","PL","core"
"SRCH-PL-A-CORE","PC-LAPTOP-REPAIR","naprawa komputerów warszawa","Exact","Paused","https://naserwis.pl/","PL","core"
"SRCH-PL-A-CORE","PC-LAPTOP-REPAIR","serwis laptopów warszawa","Phrase","Paused","https://naserwis.pl/","PL","core"
"SRCH-PL-A-CORE","PC-LAPTOP-REPAIR","serwis laptopów warszawa","Exact","Paused","https://naserwis.pl/","PL","core"
"SRCH-PL-A-CORE","PC-LAPTOP-REPAIR","serwis komputerowy warszawa","Phrase","Paused","https://naserwis.pl/","PL","core"
"SRCH-PL-A-CORE","PC-LAPTOP-REPAIR","serwis komputerowy warszawa","Exact","Paused","https://naserwis.pl/","PL","core"
"SRCH-PL-A-CORE","PC-LAPTOP-REPAIR","pogotowie komputerowe warszawa","Phrase","Paused","https://naserwis.pl/","PL","core"
"SRCH-PL-A-CORE","PC-LAPTOP-REPAIR","pogotowie komputerowe warszawa","Exact","Paused","https://naserwis.pl/","PL","core"
"SRCH-PL-A-CORE","PC-LAPTOP-REPAIR","wolny komputer naprawa","Phrase","Paused","https://naserwis.pl/","PL","core"
"SRCH-PL-A-CORE","PC-LAPTOP-REPAIR","wolny komputer naprawa","Exact","Paused","https://naserwis.pl/","PL","core"
"SRCH-PL-A-CORE","PC-LAPTOP-REPAIR","czyszczenie laptopa warszawa","Phrase","Paused","https://naserwis.pl/","PL","core"
"SRCH-PL-A-CORE","PC-LAPTOP-REPAIR","czyszczenie laptopa warszawa","Exact","Paused","https://naserwis.pl/","PL","core"
"SRCH-PL-A-CORE","PC-LAPTOP-REPAIR","naprawa komputerów ursynów","Phrase","Paused","https://naserwis.pl/","PL","core"
"SRCH-PL-A-CORE","PC-LAPTOP-REPAIR","naprawa komputerów ursynów","Exact","Paused","https://naserwis.pl/","PL","core"
"SRCH-PL-A-CORE","IT-GENERAL","serwis it warszawa","Phrase","Paused","https://naserwis.pl/","PL","core"
"SRCH-PL-A-CORE","IT-GENERAL","serwis it warszawa","Exact","Paused","https://naserwis.pl/","PL","core"
"SRCH-PL-A-CORE","IT-GENERAL","serwis informatyczny warszawa","Phrase","Paused","https://naserwis.pl/","PL","core"
"SRCH-PL-A-CORE","IT-GENERAL","serwis informatyczny warszawa","Exact","Paused","https://naserwis.pl/","PL","core"
"SRCH-PL-A-CORE","IT-GENERAL","informatyk z dojazdem warszawa","Phrase","Paused","https://naserwis.pl/","PL","core"
"SRCH-PL-A-CORE","IT-GENERAL","informatyk z dojazdem warszawa","Exact","Paused","https://naserwis.pl/","PL","core"
"SRCH-PL-A-CORE","IT-GENERAL","pomoc komputerowa warszawa","Phrase","Paused","https://naserwis.pl/","PL","core"
"SRCH-PL-A-CORE","IT-GENERAL","pomoc komputerowa warszawa","Exact","Paused","https://naserwis.pl/","PL","core"
"SRCH-PL-A-CORE","IT-GENERAL","obsługa informatyczna warszawa","Phrase","Paused","https://naserwis.pl/","PL","core"
"SRCH-PL-A-CORE","IT-GENERAL","obsługa informatyczna warszawa","Exact","Paused","https://naserwis.pl/","PL","core"
"SRCH-PL-A-CORE","IT-GENERAL","informatyk warszawa dojazd","Phrase","Paused","https://naserwis.pl/","PL","core"
"SRCH-PL-A-CORE","IT-GENERAL","informatyk warszawa dojazd","Exact","Paused","https://naserwis.pl/","PL","core"
"SRCH-PL-A-CORE","IT-GENERAL","administracja it warszawa","Phrase","Paused","https://naserwis.pl/","PL","core"
"SRCH-PL-A-CORE","IT-GENERAL","administracja it warszawa","Exact","Paused","https://naserwis.pl/","PL","core"
"SRCH-PL-B-WARSAW-FAR","WIFI-REPAIR","naprawa wifi","Phrase","Paused","https://naserwis.pl/naprawa-wifi/","PL","warsaw_far"
"SRCH-PL-B-WARSAW-FAR","WIFI-REPAIR","naprawa wifi","Exact","Paused","https://naserwis.pl/naprawa-wifi/","PL","warsaw_far"
"SRCH-PL-B-WARSAW-FAR","WIFI-REPAIR","naprawa wifi warszawa","Phrase","Paused","https://naserwis.pl/naprawa-wifi/","PL","warsaw_far"
"SRCH-PL-B-WARSAW-FAR","WIFI-REPAIR","naprawa wifi warszawa","Exact","Paused","https://naserwis.pl/naprawa-wifi/","PL","warsaw_far"
"SRCH-PL-B-WARSAW-FAR","WIFI-REPAIR","konfiguracja routera","Phrase","Paused","https://naserwis.pl/naprawa-wifi/","PL","warsaw_far"
"SRCH-PL-B-WARSAW-FAR","WIFI-REPAIR","konfiguracja routera","Exact","Paused","https://naserwis.pl/naprawa-wifi/","PL","warsaw_far"
"SRCH-PL-B-WARSAW-FAR","WIFI-REPAIR","konfiguracja routera warszawa","Phrase","Paused","https://naserwis.pl/naprawa-wifi/","PL","warsaw_far"
"SRCH-PL-B-WARSAW-FAR","WIFI-REPAIR","konfiguracja routera warszawa","Exact","Paused","https://naserwis.pl/naprawa-wifi/","PL","warsaw_far"
"SRCH-PL-B-WARSAW-FAR","WIFI-REPAIR","montaż mesh","Phrase","Paused","https://naserwis.pl/naprawa-wifi/","PL","warsaw_far"
"SRCH-PL-B-WARSAW-FAR","WIFI-REPAIR","montaż mesh","Exact","Paused","https://naserwis.pl/naprawa-wifi/","PL","warsaw_far"
"SRCH-PL-B-WARSAW-FAR","WIFI-REPAIR","montaż mesh warszawa","Phrase","Paused","https://naserwis.pl/naprawa-wifi/","PL","warsaw_far"
"SRCH-PL-B-WARSAW-FAR","WIFI-REPAIR","montaż mesh warszawa","Exact","Paused","https://naserwis.pl/naprawa-wifi/","PL","warsaw_far"
"SRCH-PL-B-WARSAW-FAR","WIFI-REPAIR","słaby zasięg wifi","Phrase","Paused","https://naserwis.pl/naprawa-wifi/","PL","warsaw_far"
"SRCH-PL-B-WARSAW-FAR","WIFI-REPAIR","słaby zasięg wifi","Exact","Paused","https://naserwis.pl/naprawa-wifi/","PL","warsaw_far"
"SRCH-PL-B-WARSAW-FAR","WIFI-REPAIR","wifi nie działa","Phrase","Paused","https://naserwis.pl/naprawa-wifi/","PL","warsaw_far"
"SRCH-PL-B-WARSAW-FAR","WIFI-REPAIR","wifi nie działa","Exact","Paused","https://naserwis.pl/naprawa-wifi/","PL","warsaw_far"
"SRCH-PL-B-WARSAW-FAR","LAN-INSTALL","montaż sieci lan","Phrase","Paused","https://naserwis.pl/montaz-sieci/","PL","warsaw_far"
"SRCH-PL-B-WARSAW-FAR","LAN-INSTALL","montaż sieci lan","Exact","Paused","https://naserwis.pl/montaz-sieci/","PL","warsaw_far"
"SRCH-PL-B-WARSAW-FAR","LAN-INSTALL","montaż sieci lan warszawa","Phrase","Paused","https://naserwis.pl/montaz-sieci/","PL","warsaw_far"
"SRCH-PL-B-WARSAW-FAR","LAN-INSTALL","montaż sieci lan warszawa","Exact","Paused","https://naserwis.pl/montaz-sieci/","PL","warsaw_far"
"SRCH-PL-B-WARSAW-FAR","LAN-INSTALL","okablowanie strukturalne","Phrase","Paused","https://naserwis.pl/montaz-sieci/","PL","warsaw_far"
"SRCH-PL-B-WARSAW-FAR","LAN-INSTALL","okablowanie strukturalne","Exact","Paused","https://naserwis.pl/montaz-sieci/","PL","warsaw_far"
"SRCH-PL-B-WARSAW-FAR","LAN-INSTALL","okablowanie strukturalne warszawa","Phrase","Paused","https://naserwis.pl/montaz-sieci/","PL","warsaw_far"
"SRCH-PL-B-WARSAW-FAR","LAN-INSTALL","okablowanie strukturalne warszawa","Exact","Paused","https://naserwis.pl/montaz-sieci/","PL","warsaw_far"
"SRCH-PL-B-WARSAW-FAR","LAN-INSTALL","montaż gniazda rj45","Phrase","Paused","https://naserwis.pl/montaz-sieci/","PL","warsaw_far"
"SRCH-PL-B-WARSAW-FAR","LAN-INSTALL","montaż gniazda rj45","Exact","Paused","https://naserwis.pl/montaz-sieci/","PL","warsaw_far"
"SRCH-PL-B-WARSAW-FAR","LAN-INSTALL","zarabianie kabli rj45","Phrase","Paused","https://naserwis.pl/montaz-sieci/","PL","warsaw_far"
"SRCH-PL-B-WARSAW-FAR","LAN-INSTALL","zarabianie kabli rj45","Exact","Paused","https://naserwis.pl/montaz-sieci/","PL","warsaw_far"
"SRCH-PL-B-WARSAW-FAR","LAN-INSTALL","instalacja sieci komputerowej","Phrase","Paused","https://naserwis.pl/montaz-sieci/","PL","warsaw_far"
"SRCH-PL-B-WARSAW-FAR","LAN-INSTALL","instalacja sieci komputerowej","Exact","Paused","https://naserwis.pl/montaz-sieci/","PL","warsaw_far"
"SRCH-PL-B-WARSAW-FAR","LAN-INSTALL","montaż szafy rack","Phrase","Paused","https://naserwis.pl/montaz-sieci/","PL","warsaw_far"
"SRCH-PL-B-WARSAW-FAR","LAN-INSTALL","montaż szafy rack","Exact","Paused","https://naserwis.pl/montaz-sieci/","PL","warsaw_far"
"SRCH-PL-B-WARSAW-FAR","LAN-CCTV-REPAIR","naprawa sieci lan","Phrase","Paused","https://naserwis.pl/naprawa-sieci/","PL","warsaw_far"
"SRCH-PL-B-WARSAW-FAR","LAN-CCTV-REPAIR","naprawa sieci lan","Exact","Paused","https://naserwis.pl/naprawa-sieci/","PL","warsaw_far"
"SRCH-PL-B-WARSAW-FAR","LAN-CCTV-REPAIR","naprawa sieci lan warszawa","Phrase","Paused","https://naserwis.pl/naprawa-sieci/","PL","warsaw_far"
"SRCH-PL-B-WARSAW-FAR","LAN-CCTV-REPAIR","naprawa sieci lan warszawa","Exact","Paused","https://naserwis.pl/naprawa-sieci/","PL","warsaw_far"
"SRCH-PL-B-WARSAW-FAR","LAN-CCTV-REPAIR","serwis sieci komputerowych","Phrase","Paused","https://naserwis.pl/naprawa-sieci/","PL","warsaw_far"
"SRCH-PL-B-WARSAW-FAR","LAN-CCTV-REPAIR","serwis sieci komputerowych","Exact","Paused","https://naserwis.pl/naprawa-sieci/","PL","warsaw_far"
"SRCH-PL-B-WARSAW-FAR","LAN-CCTV-REPAIR","diagnostyka sieci lan","Phrase","Paused","https://naserwis.pl/naprawa-sieci/","PL","warsaw_far"
"SRCH-PL-B-WARSAW-FAR","LAN-CCTV-REPAIR","diagnostyka sieci lan","Exact","Paused","https://naserwis.pl/naprawa-sieci/","PL","warsaw_far"
"SRCH-PL-B-WARSAW-FAR","LAN-CCTV-REPAIR","naprawa okablowania","Phrase","Paused","https://naserwis.pl/naprawa-sieci/","PL","warsaw_far"
"SRCH-PL-B-WARSAW-FAR","LAN-CCTV-REPAIR","naprawa okablowania","Exact","Paused","https://naserwis.pl/naprawa-sieci/","PL","warsaw_far"
"SRCH-PL-B-WARSAW-FAR","LAN-CCTV-REPAIR","naprawa monitoringu","Phrase","Paused","https://naserwis.pl/naprawa-sieci/","PL","warsaw_far"
"SRCH-PL-B-WARSAW-FAR","LAN-CCTV-REPAIR","naprawa monitoringu","Exact","Paused","https://naserwis.pl/naprawa-sieci/","PL","warsaw_far"
"SRCH-PL-B-WARSAW-FAR","LAN-CCTV-REPAIR","serwis monitoringu cctv","Phrase","Paused","https://naserwis.pl/naprawa-sieci/","PL","warsaw_far"
"SRCH-PL-B-WARSAW-FAR","LAN-CCTV-REPAIR","serwis monitoringu cctv","Exact","Paused","https://naserwis.pl/naprawa-sieci/","PL","warsaw_far"
"SRCH-PL-B-WARSAW-FAR","LAN-CCTV-REPAIR","naprawa gniazda rj45","Phrase","Paused","https://naserwis.pl/naprawa-sieci/","PL","warsaw_far"
"SRCH-PL-B-WARSAW-FAR","LAN-CCTV-REPAIR","naprawa gniazda rj45","Exact","Paused","https://naserwis.pl/naprawa-sieci/","PL","warsaw_far"
"SRCH-PL-B-WARSAW-FAR","PC-LAPTOP-REPAIR","naprawa laptopów warszawa","Phrase","Paused","https://naserwis.pl/","PL","warsaw_far"
"SRCH-PL-B-WARSAW-FAR","PC-LAPTOP-REPAIR","naprawa laptopów warszawa","Exact","Paused","https://naserwis.pl/","PL","warsaw_far"
"SRCH-PL-B-WARSAW-FAR","PC-LAPTOP-REPAIR","naprawa komputerów warszawa","Phrase","Paused","https://naserwis.pl/","PL","warsaw_far"
"SRCH-PL-B-WARSAW-FAR","PC-LAPTOP-REPAIR","naprawa komputerów warszawa","Exact","Paused","https://naserwis.pl/","PL","warsaw_far"
"SRCH-PL-B-WARSAW-FAR","PC-LAPTOP-REPAIR","serwis laptopów warszawa","Phrase","Paused","https://naserwis.pl/","PL","warsaw_far"
"SRCH-PL-B-WARSAW-FAR","PC-LAPTOP-REPAIR","serwis laptopów warszawa","Exact","Paused","https://naserwis.pl/","PL","warsaw_far"
"SRCH-PL-B-WARSAW-FAR","PC-LAPTOP-REPAIR","serwis komputerowy warszawa","Phrase","Paused","https://naserwis.pl/","PL","warsaw_far"
"SRCH-PL-B-WARSAW-FAR","PC-LAPTOP-REPAIR","serwis komputerowy warszawa","Exact","Paused","https://naserwis.pl/","PL","warsaw_far"
"SRCH-PL-B-WARSAW-FAR","PC-LAPTOP-REPAIR","pogotowie komputerowe warszawa","Phrase","Paused","https://naserwis.pl/","PL","warsaw_far"
"SRCH-PL-B-WARSAW-FAR","PC-LAPTOP-REPAIR","pogotowie komputerowe warszawa","Exact","Paused","https://naserwis.pl/","PL","warsaw_far"
"SRCH-PL-B-WARSAW-FAR","PC-LAPTOP-REPAIR","wolny komputer naprawa","Phrase","Paused","https://naserwis.pl/","PL","warsaw_far"
"SRCH-PL-B-WARSAW-FAR","PC-LAPTOP-REPAIR","wolny komputer naprawa","Exact","Paused","https://naserwis.pl/","PL","warsaw_far"
"SRCH-PL-B-WARSAW-FAR","PC-LAPTOP-REPAIR","czyszczenie laptopa warszawa","Phrase","Paused","https://naserwis.pl/","PL","warsaw_far"
"SRCH-PL-B-WARSAW-FAR","PC-LAPTOP-REPAIR","czyszczenie laptopa warszawa","Exact","Paused","https://naserwis.pl/","PL","warsaw_far"
"SRCH-PL-B-WARSAW-FAR","PC-LAPTOP-REPAIR","naprawa komputerów ursynów","Phrase","Paused","https://naserwis.pl/","PL","warsaw_far"
"SRCH-PL-B-WARSAW-FAR","PC-LAPTOP-REPAIR","naprawa komputerów ursynów","Exact","Paused","https://naserwis.pl/","PL","warsaw_far"
"SRCH-PL-B-WARSAW-FAR","IT-GENERAL","serwis it warszawa","Phrase","Paused","https://naserwis.pl/","PL","warsaw_far"
"SRCH-PL-B-WARSAW-FAR","IT-GENERAL","serwis it warszawa","Exact","Paused","https://naserwis.pl/","PL","warsaw_far"
"SRCH-PL-B-WARSAW-FAR","IT-GENERAL","serwis informatyczny warszawa","Phrase","Paused","https://naserwis.pl/","PL","warsaw_far"
"SRCH-PL-B-WARSAW-FAR","IT-GENERAL","serwis informatyczny warszawa","Exact","Paused","https://naserwis.pl/","PL","warsaw_far"
"SRCH-PL-B-WARSAW-FAR","IT-GENERAL","informatyk z dojazdem warszawa","Phrase","Paused","https://naserwis.pl/","PL","warsaw_far"
"SRCH-PL-B-WARSAW-FAR","IT-GENERAL","informatyk z dojazdem warszawa","Exact","Paused","https://naserwis.pl/","PL","warsaw_far"
"SRCH-PL-B-WARSAW-FAR","IT-GENERAL","pomoc komputerowa warszawa","Phrase","Paused","https://naserwis.pl/","PL","warsaw_far"
"SRCH-PL-B-WARSAW-FAR","IT-GENERAL","pomoc komputerowa warszawa","Exact","Paused","https://naserwis.pl/","PL","warsaw_far"
"SRCH-PL-B-WARSAW-FAR","IT-GENERAL","obsługa informatyczna warszawa","Phrase","Paused","https://naserwis.pl/","PL","warsaw_far"
"SRCH-PL-B-WARSAW-FAR","IT-GENERAL","obsługa informatyczna warszawa","Exact","Paused","https://naserwis.pl/","PL","warsaw_far"
"SRCH-PL-B-WARSAW-FAR","IT-GENERAL","informatyk warszawa dojazd","Phrase","Paused","https://naserwis.pl/","PL","warsaw_far"
"SRCH-PL-B-WARSAW-FAR","IT-GENERAL","informatyk warszawa dojazd","Exact","Paused","https://naserwis.pl/","PL","warsaw_far"
"SRCH-PL-B-WARSAW-FAR","IT-GENERAL","administracja it warszawa","Phrase","Paused","https://naserwis.pl/","PL","warsaw_far"
"SRCH-PL-B-WARSAW-FAR","IT-GENERAL","administracja it warszawa","Exact","Paused","https://naserwis.pl/","PL","warsaw_far"
"SRCH-PL-C-OUTSIDE","WIFI-REPAIR","naprawa wifi","Phrase","Paused","https://naserwis.pl/naprawa-wifi/","PL","outside"
"SRCH-PL-C-OUTSIDE","WIFI-REPAIR","naprawa wifi","Exact","Paused","https://naserwis.pl/naprawa-wifi/","PL","outside"
"SRCH-PL-C-OUTSIDE","WIFI-REPAIR","naprawa wifi warszawa","Phrase","Paused","https://naserwis.pl/naprawa-wifi/","PL","outside"
"SRCH-PL-C-OUTSIDE","WIFI-REPAIR","naprawa wifi warszawa","Exact","Paused","https://naserwis.pl/naprawa-wifi/","PL","outside"
"SRCH-PL-C-OUTSIDE","WIFI-REPAIR","konfiguracja routera","Phrase","Paused","https://naserwis.pl/naprawa-wifi/","PL","outside"
"SRCH-PL-C-OUTSIDE","WIFI-REPAIR","konfiguracja routera","Exact","Paused","https://naserwis.pl/naprawa-wifi/","PL","outside"
"SRCH-PL-C-OUTSIDE","WIFI-REPAIR","konfiguracja routera warszawa","Phrase","Paused","https://naserwis.pl/naprawa-wifi/","PL","outside"
"SRCH-PL-C-OUTSIDE","WIFI-REPAIR","konfiguracja routera warszawa","Exact","Paused","https://naserwis.pl/naprawa-wifi/","PL","outside"
"SRCH-PL-C-OUTSIDE","WIFI-REPAIR","montaż mesh","Phrase","Paused","https://naserwis.pl/naprawa-wifi/","PL","outside"
"SRCH-PL-C-OUTSIDE","WIFI-REPAIR","montaż mesh","Exact","Paused","https://naserwis.pl/naprawa-wifi/","PL","outside"
"SRCH-PL-C-OUTSIDE","WIFI-REPAIR","montaż mesh warszawa","Phrase","Paused","https://naserwis.pl/naprawa-wifi/","PL","outside"
"SRCH-PL-C-OUTSIDE","WIFI-REPAIR","montaż mesh warszawa","Exact","Paused","https://naserwis.pl/naprawa-wifi/","PL","outside"
"SRCH-PL-C-OUTSIDE","WIFI-REPAIR","słaby zasięg wifi","Phrase","Paused","https://naserwis.pl/naprawa-wifi/","PL","outside"
"SRCH-PL-C-OUTSIDE","WIFI-REPAIR","słaby zasięg wifi","Exact","Paused","https://naserwis.pl/naprawa-wifi/","PL","outside"
"SRCH-PL-C-OUTSIDE","WIFI-REPAIR","wifi nie działa","Phrase","Paused","https://naserwis.pl/naprawa-wifi/","PL","outside"
"SRCH-PL-C-OUTSIDE","WIFI-REPAIR","wifi nie działa","Exact","Paused","https://naserwis.pl/naprawa-wifi/","PL","outside"
"SRCH-PL-C-OUTSIDE","LAN-INSTALL","montaż sieci lan","Phrase","Paused","https://naserwis.pl/montaz-sieci/","PL","outside"
"SRCH-PL-C-OUTSIDE","LAN-INSTALL","montaż sieci lan","Exact","Paused","https://naserwis.pl/montaz-sieci/","PL","outside"
"SRCH-PL-C-OUTSIDE","LAN-INSTALL","montaż sieci lan warszawa","Phrase","Paused","https://naserwis.pl/montaz-sieci/","PL","outside"
"SRCH-PL-C-OUTSIDE","LAN-INSTALL","montaż sieci lan warszawa","Exact","Paused","https://naserwis.pl/montaz-sieci/","PL","outside"
"SRCH-PL-C-OUTSIDE","LAN-INSTALL","okablowanie strukturalne","Phrase","Paused","https://naserwis.pl/montaz-sieci/","PL","outside"
"SRCH-PL-C-OUTSIDE","LAN-INSTALL","okablowanie strukturalne","Exact","Paused","https://naserwis.pl/montaz-sieci/","PL","outside"
"SRCH-PL-C-OUTSIDE","LAN-INSTALL","okablowanie strukturalne warszawa","Phrase","Paused","https://naserwis.pl/montaz-sieci/","PL","outside"
"SRCH-PL-C-OUTSIDE","LAN-INSTALL","okablowanie strukturalne warszawa","Exact","Paused","https://naserwis.pl/montaz-sieci/","PL","outside"
"SRCH-PL-C-OUTSIDE","LAN-INSTALL","montaż gniazda rj45","Phrase","Paused","https://naserwis.pl/montaz-sieci/","PL","outside"
"SRCH-PL-C-OUTSIDE","LAN-INSTALL","montaż gniazda rj45","Exact","Paused","https://naserwis.pl/montaz-sieci/","PL","outside"
"SRCH-PL-C-OUTSIDE","LAN-INSTALL","zarabianie kabli rj45","Phrase","Paused","https://naserwis.pl/montaz-sieci/","PL","outside"
"SRCH-PL-C-OUTSIDE","LAN-INSTALL","zarabianie kabli rj45","Exact","Paused","https://naserwis.pl/montaz-sieci/","PL","outside"
"SRCH-PL-C-OUTSIDE","LAN-INSTALL","instalacja sieci komputerowej","Phrase","Paused","https://naserwis.pl/montaz-sieci/","PL","outside"
"SRCH-PL-C-OUTSIDE","LAN-INSTALL","instalacja sieci komputerowej","Exact","Paused","https://naserwis.pl/montaz-sieci/","PL","outside"
"SRCH-PL-C-OUTSIDE","LAN-INSTALL","montaż szafy rack","Phrase","Paused","https://naserwis.pl/montaz-sieci/","PL","outside"
"SRCH-PL-C-OUTSIDE","LAN-INSTALL","montaż szafy rack","Exact","Paused","https://naserwis.pl/montaz-sieci/","PL","outside"
"SRCH-PL-C-OUTSIDE","LAN-CCTV-REPAIR","naprawa sieci lan","Phrase","Paused","https://naserwis.pl/naprawa-sieci/","PL","outside"
"SRCH-PL-C-OUTSIDE","LAN-CCTV-REPAIR","naprawa sieci lan","Exact","Paused","https://naserwis.pl/naprawa-sieci/","PL","outside"
"SRCH-PL-C-OUTSIDE","LAN-CCTV-REPAIR","naprawa sieci lan warszawa","Phrase","Paused","https://naserwis.pl/naprawa-sieci/","PL","outside"
"SRCH-PL-C-OUTSIDE","LAN-CCTV-REPAIR","naprawa sieci lan warszawa","Exact","Paused","https://naserwis.pl/naprawa-sieci/","PL","outside"
"SRCH-PL-C-OUTSIDE","LAN-CCTV-REPAIR","serwis sieci komputerowych","Phrase","Paused","https://naserwis.pl/naprawa-sieci/","PL","outside"
"SRCH-PL-C-OUTSIDE","LAN-CCTV-REPAIR","serwis sieci komputerowych","Exact","Paused","https://naserwis.pl/naprawa-sieci/","PL","outside"
"SRCH-PL-C-OUTSIDE","LAN-CCTV-REPAIR","diagnostyka sieci lan","Phrase","Paused","https://naserwis.pl/naprawa-sieci/","PL","outside"
"SRCH-PL-C-OUTSIDE","LAN-CCTV-REPAIR","diagnostyka sieci lan","Exact","Paused","https://naserwis.pl/naprawa-sieci/","PL","outside"
"SRCH-PL-C-OUTSIDE","LAN-CCTV-REPAIR","naprawa okablowania","Phrase","Paused","https://naserwis.pl/naprawa-sieci/","PL","outside"
"SRCH-PL-C-OUTSIDE","LAN-CCTV-REPAIR","naprawa okablowania","Exact","Paused","https://naserwis.pl/naprawa-sieci/","PL","outside"
"SRCH-PL-C-OUTSIDE","LAN-CCTV-REPAIR","naprawa monitoringu","Phrase","Paused","https://naserwis.pl/naprawa-sieci/","PL","outside"
"SRCH-PL-C-OUTSIDE","LAN-CCTV-REPAIR","naprawa monitoringu","Exact","Paused","https://naserwis.pl/naprawa-sieci/","PL","outside"
"SRCH-PL-C-OUTSIDE","LAN-CCTV-REPAIR","serwis monitoringu cctv","Phrase","Paused","https://naserwis.pl/naprawa-sieci/","PL","outside"
"SRCH-PL-C-OUTSIDE","LAN-CCTV-REPAIR","serwis monitoringu cctv","Exact","Paused","https://naserwis.pl/naprawa-sieci/","PL","outside"
"SRCH-PL-C-OUTSIDE","LAN-CCTV-REPAIR","naprawa gniazda rj45","Phrase","Paused","https://naserwis.pl/naprawa-sieci/","PL","outside"
"SRCH-PL-C-OUTSIDE","LAN-CCTV-REPAIR","naprawa gniazda rj45","Exact","Paused","https://naserwis.pl/naprawa-sieci/","PL","outside"
"SRCH-PL-C-OUTSIDE","PC-LAPTOP-REPAIR","naprawa laptopów warszawa","Phrase","Paused","https://naserwis.pl/","PL","outside"
"SRCH-PL-C-OUTSIDE","PC-LAPTOP-REPAIR","naprawa laptopów warszawa","Exact","Paused","https://naserwis.pl/","PL","outside"
"SRCH-PL-C-OUTSIDE","PC-LAPTOP-REPAIR","naprawa komputerów warszawa","Phrase","Paused","https://naserwis.pl/","PL","outside"
"SRCH-PL-C-OUTSIDE","PC-LAPTOP-REPAIR","naprawa komputerów warszawa","Exact","Paused","https://naserwis.pl/","PL","outside"
"SRCH-PL-C-OUTSIDE","PC-LAPTOP-REPAIR","serwis laptopów warszawa","Phrase","Paused","https://naserwis.pl/","PL","outside"
"SRCH-PL-C-OUTSIDE","PC-LAPTOP-REPAIR","serwis laptopów warszawa","Exact","Paused","https://naserwis.pl/","PL","outside"
"SRCH-PL-C-OUTSIDE","PC-LAPTOP-REPAIR","serwis komputerowy warszawa","Phrase","Paused","https://naserwis.pl/","PL","outside"
"SRCH-PL-C-OUTSIDE","PC-LAPTOP-REPAIR","serwis komputerowy warszawa","Exact","Paused","https://naserwis.pl/","PL","outside"
"SRCH-PL-C-OUTSIDE","PC-LAPTOP-REPAIR","pogotowie komputerowe warszawa","Phrase","Paused","https://naserwis.pl/","PL","outside"
"SRCH-PL-C-OUTSIDE","PC-LAPTOP-REPAIR","pogotowie komputerowe warszawa","Exact","Paused","https://naserwis.pl/","PL","outside"
"SRCH-PL-C-OUTSIDE","PC-LAPTOP-REPAIR","wolny komputer naprawa","Phrase","Paused","https://naserwis.pl/","PL","outside"
"SRCH-PL-C-OUTSIDE","PC-LAPTOP-REPAIR","wolny komputer naprawa","Exact","Paused","https://naserwis.pl/","PL","outside"
"SRCH-PL-C-OUTSIDE","PC-LAPTOP-REPAIR","czyszczenie laptopa warszawa","Phrase","Paused","https://naserwis.pl/","PL","outside"
"SRCH-PL-C-OUTSIDE","PC-LAPTOP-REPAIR","czyszczenie laptopa warszawa","Exact","Paused","https://naserwis.pl/","PL","outside"
"SRCH-PL-C-OUTSIDE","PC-LAPTOP-REPAIR","naprawa komputerów ursynów","Phrase","Paused","https://naserwis.pl/","PL","outside"
"SRCH-PL-C-OUTSIDE","PC-LAPTOP-REPAIR","naprawa komputerów ursynów","Exact","Paused","https://naserwis.pl/","PL","outside"
"SRCH-PL-C-OUTSIDE","IT-GENERAL","serwis it warszawa","Phrase","Paused","https://naserwis.pl/","PL","outside"
"SRCH-PL-C-OUTSIDE","IT-GENERAL","serwis it warszawa","Exact","Paused","https://naserwis.pl/","PL","outside"
"SRCH-PL-C-OUTSIDE","IT-GENERAL","serwis informatyczny warszawa","Phrase","Paused","https://naserwis.pl/","PL","outside"
"SRCH-PL-C-OUTSIDE","IT-GENERAL","serwis informatyczny warszawa","Exact","Paused","https://naserwis.pl/","PL","outside"
"SRCH-PL-C-OUTSIDE","IT-GENERAL","informatyk z dojazdem warszawa","Phrase","Paused","https://naserwis.pl/","PL","outside"
"SRCH-PL-C-OUTSIDE","IT-GENERAL","informatyk z dojazdem warszawa","Exact","Paused","https://naserwis.pl/","PL","outside"
"SRCH-PL-C-OUTSIDE","IT-GENERAL","pomoc komputerowa warszawa","Phrase","Paused","https://naserwis.pl/","PL","outside"
"SRCH-PL-C-OUTSIDE","IT-GENERAL","pomoc komputerowa warszawa","Exact","Paused","https://naserwis.pl/","PL","outside"
"SRCH-PL-C-OUTSIDE","IT-GENERAL","obsługa informatyczna warszawa","Phrase","Paused","https://naserwis.pl/","PL","outside"
"SRCH-PL-C-OUTSIDE","IT-GENERAL","obsługa informatyczna warszawa","Exact","Paused","https://naserwis.pl/","PL","outside"
"SRCH-PL-C-OUTSIDE","IT-GENERAL","informatyk warszawa dojazd","Phrase","Paused","https://naserwis.pl/","PL","outside"
"SRCH-PL-C-OUTSIDE","IT-GENERAL","informatyk warszawa dojazd","Exact","Paused","https://naserwis.pl/","PL","outside"
"SRCH-PL-C-OUTSIDE","IT-GENERAL","administracja it warszawa","Phrase","Paused","https://naserwis.pl/","PL","outside"
"SRCH-PL-C-OUTSIDE","IT-GENERAL","administracja it warszawa","Exact","Paused","https://naserwis.pl/","PL","outside"
"SRCH-RU-A-CORE","WIFI-REPAIR","ремонт wifi","Phrase","Paused","https://naserwis.pl/ru/naprawa-wifi/","RU","core"
"SRCH-RU-A-CORE","WIFI-REPAIR","ремонт wifi","Exact","Paused","https://naserwis.pl/ru/naprawa-wifi/","RU","core"
"SRCH-RU-A-CORE","WIFI-REPAIR","ремонт wifi варшава","Phrase","Paused","https://naserwis.pl/ru/naprawa-wifi/","RU","core"
"SRCH-RU-A-CORE","WIFI-REPAIR","ремонт wifi варшава","Exact","Paused","https://naserwis.pl/ru/naprawa-wifi/","RU","core"
"SRCH-RU-A-CORE","WIFI-REPAIR","настройка роутера","Phrase","Paused","https://naserwis.pl/ru/naprawa-wifi/","RU","core"
"SRCH-RU-A-CORE","WIFI-REPAIR","настройка роутера","Exact","Paused","https://naserwis.pl/ru/naprawa-wifi/","RU","core"
"SRCH-RU-A-CORE","WIFI-REPAIR","настройка роутера варшава","Phrase","Paused","https://naserwis.pl/ru/naprawa-wifi/","RU","core"
"SRCH-RU-A-CORE","WIFI-REPAIR","настройка роутера варшава","Exact","Paused","https://naserwis.pl/ru/naprawa-wifi/","RU","core"
"SRCH-RU-A-CORE","WIFI-REPAIR","установка mesh","Phrase","Paused","https://naserwis.pl/ru/naprawa-wifi/","RU","core"
"SRCH-RU-A-CORE","WIFI-REPAIR","установка mesh","Exact","Paused","https://naserwis.pl/ru/naprawa-wifi/","RU","core"
"SRCH-RU-A-CORE","WIFI-REPAIR","слабый сигнал wifi","Phrase","Paused","https://naserwis.pl/ru/naprawa-wifi/","RU","core"
"SRCH-RU-A-CORE","WIFI-REPAIR","слабый сигнал wifi","Exact","Paused","https://naserwis.pl/ru/naprawa-wifi/","RU","core"
"SRCH-RU-A-CORE","WIFI-REPAIR","не работает wifi","Phrase","Paused","https://naserwis.pl/ru/naprawa-wifi/","RU","core"
"SRCH-RU-A-CORE","WIFI-REPAIR","не работает wifi","Exact","Paused","https://naserwis.pl/ru/naprawa-wifi/","RU","core"
"SRCH-RU-A-CORE","LAN-INSTALL","монтаж сети lan","Phrase","Paused","https://naserwis.pl/ru/montaz-sieci/","RU","core"
"SRCH-RU-A-CORE","LAN-INSTALL","монтаж сети lan","Exact","Paused","https://naserwis.pl/ru/montaz-sieci/","RU","core"
"SRCH-RU-A-CORE","LAN-INSTALL","монтаж сети lan варшава","Phrase","Paused","https://naserwis.pl/ru/montaz-sieci/","RU","core"
"SRCH-RU-A-CORE","LAN-INSTALL","монтаж сети lan варшава","Exact","Paused","https://naserwis.pl/ru/montaz-sieci/","RU","core"
"SRCH-RU-A-CORE","LAN-INSTALL","структурированная кабельная система","Phrase","Paused","https://naserwis.pl/ru/montaz-sieci/","RU","core"
"SRCH-RU-A-CORE","LAN-INSTALL","структурированная кабельная система","Exact","Paused","https://naserwis.pl/ru/montaz-sieci/","RU","core"
"SRCH-RU-A-CORE","LAN-INSTALL","монтаж розетки rj45","Phrase","Paused","https://naserwis.pl/ru/montaz-sieci/","RU","core"
"SRCH-RU-A-CORE","LAN-INSTALL","монтаж розетки rj45","Exact","Paused","https://naserwis.pl/ru/montaz-sieci/","RU","core"
"SRCH-RU-A-CORE","LAN-INSTALL","обжим кабеля rj45","Phrase","Paused","https://naserwis.pl/ru/montaz-sieci/","RU","core"
"SRCH-RU-A-CORE","LAN-INSTALL","обжим кабеля rj45","Exact","Paused","https://naserwis.pl/ru/montaz-sieci/","RU","core"
"SRCH-RU-A-CORE","LAN-INSTALL","монтаж компьютерной сети","Phrase","Paused","https://naserwis.pl/ru/montaz-sieci/","RU","core"
"SRCH-RU-A-CORE","LAN-INSTALL","монтаж компьютерной сети","Exact","Paused","https://naserwis.pl/ru/montaz-sieci/","RU","core"
"SRCH-RU-A-CORE","LAN-INSTALL","монтаж шкафа rack","Phrase","Paused","https://naserwis.pl/ru/montaz-sieci/","RU","core"
"SRCH-RU-A-CORE","LAN-INSTALL","монтаж шкафа rack","Exact","Paused","https://naserwis.pl/ru/montaz-sieci/","RU","core"
"SRCH-RU-A-CORE","LAN-CCTV-REPAIR","ремонт сети lan","Phrase","Paused","https://naserwis.pl/ru/naprawa-sieci/","RU","core"
"SRCH-RU-A-CORE","LAN-CCTV-REPAIR","ремонт сети lan","Exact","Paused","https://naserwis.pl/ru/naprawa-sieci/","RU","core"
"SRCH-RU-A-CORE","LAN-CCTV-REPAIR","ремонт сети lan варшава","Phrase","Paused","https://naserwis.pl/ru/naprawa-sieci/","RU","core"
"SRCH-RU-A-CORE","LAN-CCTV-REPAIR","ремонт сети lan варшава","Exact","Paused","https://naserwis.pl/ru/naprawa-sieci/","RU","core"
"SRCH-RU-A-CORE","LAN-CCTV-REPAIR","обслуживание компьютерных сетей","Phrase","Paused","https://naserwis.pl/ru/naprawa-sieci/","RU","core"
"SRCH-RU-A-CORE","LAN-CCTV-REPAIR","обслуживание компьютерных сетей","Exact","Paused","https://naserwis.pl/ru/naprawa-sieci/","RU","core"
"SRCH-RU-A-CORE","LAN-CCTV-REPAIR","диагностика сети lan","Phrase","Paused","https://naserwis.pl/ru/naprawa-sieci/","RU","core"
"SRCH-RU-A-CORE","LAN-CCTV-REPAIR","диагностика сети lan","Exact","Paused","https://naserwis.pl/ru/naprawa-sieci/","RU","core"
"SRCH-RU-A-CORE","LAN-CCTV-REPAIR","ремонт кабельной сети","Phrase","Paused","https://naserwis.pl/ru/naprawa-sieci/","RU","core"
"SRCH-RU-A-CORE","LAN-CCTV-REPAIR","ремонт кабельной сети","Exact","Paused","https://naserwis.pl/ru/naprawa-sieci/","RU","core"
"SRCH-RU-A-CORE","LAN-CCTV-REPAIR","ремонт видеонаблюдения","Phrase","Paused","https://naserwis.pl/ru/naprawa-sieci/","RU","core"
"SRCH-RU-A-CORE","LAN-CCTV-REPAIR","ремонт видеонаблюдения","Exact","Paused","https://naserwis.pl/ru/naprawa-sieci/","RU","core"
"SRCH-RU-A-CORE","LAN-CCTV-REPAIR","ремонт розетки rj45","Phrase","Paused","https://naserwis.pl/ru/naprawa-sieci/","RU","core"
"SRCH-RU-A-CORE","LAN-CCTV-REPAIR","ремонт розетки rj45","Exact","Paused","https://naserwis.pl/ru/naprawa-sieci/","RU","core"
"SRCH-RU-A-CORE","PC-LAPTOP-REPAIR","ремонт ноутбуков варшава","Phrase","Paused","https://naserwis.pl/ru/","RU","core"
"SRCH-RU-A-CORE","PC-LAPTOP-REPAIR","ремонт ноутбуков варшава","Exact","Paused","https://naserwis.pl/ru/","RU","core"
"SRCH-RU-A-CORE","PC-LAPTOP-REPAIR","ремонт компьютеров варшава","Phrase","Paused","https://naserwis.pl/ru/","RU","core"
"SRCH-RU-A-CORE","PC-LAPTOP-REPAIR","ремонт компьютеров варшава","Exact","Paused","https://naserwis.pl/ru/","RU","core"
"SRCH-RU-A-CORE","PC-LAPTOP-REPAIR","компьютерный сервис варшава","Phrase","Paused","https://naserwis.pl/ru/","RU","core"
"SRCH-RU-A-CORE","PC-LAPTOP-REPAIR","компьютерный сервис варшава","Exact","Paused","https://naserwis.pl/ru/","RU","core"
"SRCH-RU-A-CORE","PC-LAPTOP-REPAIR","мастер по компьютерам варшава","Phrase","Paused","https://naserwis.pl/ru/","RU","core"
"SRCH-RU-A-CORE","PC-LAPTOP-REPAIR","мастер по компьютерам варшава","Exact","Paused","https://naserwis.pl/ru/","RU","core"
"SRCH-RU-A-CORE","PC-LAPTOP-REPAIR","медленно работает компьютер","Phrase","Paused","https://naserwis.pl/ru/","RU","core"
"SRCH-RU-A-CORE","PC-LAPTOP-REPAIR","медленно работает компьютер","Exact","Paused","https://naserwis.pl/ru/","RU","core"
"SRCH-RU-A-CORE","PC-LAPTOP-REPAIR","диагностика ноутбука","Phrase","Paused","https://naserwis.pl/ru/","RU","core"
"SRCH-RU-A-CORE","PC-LAPTOP-REPAIR","диагностика ноутбука","Exact","Paused","https://naserwis.pl/ru/","RU","core"
"SRCH-RU-A-CORE","PC-LAPTOP-REPAIR","чистка ноутбука варшава","Phrase","Paused","https://naserwis.pl/ru/","RU","core"
"SRCH-RU-A-CORE","PC-LAPTOP-REPAIR","чистка ноутбука варшава","Exact","Paused","https://naserwis.pl/ru/","RU","core"
"SRCH-RU-A-CORE","IT-GENERAL","it сервис варшава","Phrase","Paused","https://naserwis.pl/ru/","RU","core"
"SRCH-RU-A-CORE","IT-GENERAL","it сервис варшава","Exact","Paused","https://naserwis.pl/ru/","RU","core"
"SRCH-RU-A-CORE","IT-GENERAL","компьютерный мастер варшава","Phrase","Paused","https://naserwis.pl/ru/","RU","core"
"SRCH-RU-A-CORE","IT-GENERAL","компьютерный мастер варшава","Exact","Paused","https://naserwis.pl/ru/","RU","core"
"SRCH-RU-A-CORE","IT-GENERAL","ит специалист с выездом","Phrase","Paused","https://naserwis.pl/ru/","RU","core"
"SRCH-RU-A-CORE","IT-GENERAL","ит специалист с выездом","Exact","Paused","https://naserwis.pl/ru/","RU","core"
"SRCH-RU-A-CORE","IT-GENERAL","компьютерная помощь варшава","Phrase","Paused","https://naserwis.pl/ru/","RU","core"
"SRCH-RU-A-CORE","IT-GENERAL","компьютерная помощь варшава","Exact","Paused","https://naserwis.pl/ru/","RU","core"
"SRCH-RU-A-CORE","IT-GENERAL","обслуживание компьютеров варшава","Phrase","Paused","https://naserwis.pl/ru/","RU","core"
"SRCH-RU-A-CORE","IT-GENERAL","обслуживание компьютеров варшава","Exact","Paused","https://naserwis.pl/ru/","RU","core"
"SRCH-RU-A-CORE","IT-GENERAL","системный администратор варшава","Phrase","Paused","https://naserwis.pl/ru/","RU","core"
"SRCH-RU-A-CORE","IT-GENERAL","системный администратор варшава","Exact","Paused","https://naserwis.pl/ru/","RU","core"
"SRCH-RU-B-WARSAW-FAR","WIFI-REPAIR","ремонт wifi","Phrase","Paused","https://naserwis.pl/ru/naprawa-wifi/","RU","warsaw_far"
"SRCH-RU-B-WARSAW-FAR","WIFI-REPAIR","ремонт wifi","Exact","Paused","https://naserwis.pl/ru/naprawa-wifi/","RU","warsaw_far"
"SRCH-RU-B-WARSAW-FAR","WIFI-REPAIR","ремонт wifi варшава","Phrase","Paused","https://naserwis.pl/ru/naprawa-wifi/","RU","warsaw_far"
"SRCH-RU-B-WARSAW-FAR","WIFI-REPAIR","ремонт wifi варшава","Exact","Paused","https://naserwis.pl/ru/naprawa-wifi/","RU","warsaw_far"
"SRCH-RU-B-WARSAW-FAR","WIFI-REPAIR","настройка роутера","Phrase","Paused","https://naserwis.pl/ru/naprawa-wifi/","RU","warsaw_far"
"SRCH-RU-B-WARSAW-FAR","WIFI-REPAIR","настройка роутера","Exact","Paused","https://naserwis.pl/ru/naprawa-wifi/","RU","warsaw_far"
"SRCH-RU-B-WARSAW-FAR","WIFI-REPAIR","настройка роутера варшава","Phrase","Paused","https://naserwis.pl/ru/naprawa-wifi/","RU","warsaw_far"
"SRCH-RU-B-WARSAW-FAR","WIFI-REPAIR","настройка роутера варшава","Exact","Paused","https://naserwis.pl/ru/naprawa-wifi/","RU","warsaw_far"
"SRCH-RU-B-WARSAW-FAR","WIFI-REPAIR","установка mesh","Phrase","Paused","https://naserwis.pl/ru/naprawa-wifi/","RU","warsaw_far"
"SRCH-RU-B-WARSAW-FAR","WIFI-REPAIR","установка mesh","Exact","Paused","https://naserwis.pl/ru/naprawa-wifi/","RU","warsaw_far"
"SRCH-RU-B-WARSAW-FAR","WIFI-REPAIR","слабый сигнал wifi","Phrase","Paused","https://naserwis.pl/ru/naprawa-wifi/","RU","warsaw_far"
"SRCH-RU-B-WARSAW-FAR","WIFI-REPAIR","слабый сигнал wifi","Exact","Paused","https://naserwis.pl/ru/naprawa-wifi/","RU","warsaw_far"
"SRCH-RU-B-WARSAW-FAR","WIFI-REPAIR","не работает wifi","Phrase","Paused","https://naserwis.pl/ru/naprawa-wifi/","RU","warsaw_far"
"SRCH-RU-B-WARSAW-FAR","WIFI-REPAIR","не работает wifi","Exact","Paused","https://naserwis.pl/ru/naprawa-wifi/","RU","warsaw_far"
"SRCH-RU-B-WARSAW-FAR","LAN-INSTALL","монтаж сети lan","Phrase","Paused","https://naserwis.pl/ru/montaz-sieci/","RU","warsaw_far"
"SRCH-RU-B-WARSAW-FAR","LAN-INSTALL","монтаж сети lan","Exact","Paused","https://naserwis.pl/ru/montaz-sieci/","RU","warsaw_far"
"SRCH-RU-B-WARSAW-FAR","LAN-INSTALL","монтаж сети lan варшава","Phrase","Paused","https://naserwis.pl/ru/montaz-sieci/","RU","warsaw_far"
"SRCH-RU-B-WARSAW-FAR","LAN-INSTALL","монтаж сети lan варшава","Exact","Paused","https://naserwis.pl/ru/montaz-sieci/","RU","warsaw_far"
"SRCH-RU-B-WARSAW-FAR","LAN-INSTALL","структурированная кабельная система","Phrase","Paused","https://naserwis.pl/ru/montaz-sieci/","RU","warsaw_far"
"SRCH-RU-B-WARSAW-FAR","LAN-INSTALL","структурированная кабельная система","Exact","Paused","https://naserwis.pl/ru/montaz-sieci/","RU","warsaw_far"
"SRCH-RU-B-WARSAW-FAR","LAN-INSTALL","монтаж розетки rj45","Phrase","Paused","https://naserwis.pl/ru/montaz-sieci/","RU","warsaw_far"
"SRCH-RU-B-WARSAW-FAR","LAN-INSTALL","монтаж розетки rj45","Exact","Paused","https://naserwis.pl/ru/montaz-sieci/","RU","warsaw_far"
"SRCH-RU-B-WARSAW-FAR","LAN-INSTALL","обжим кабеля rj45","Phrase","Paused","https://naserwis.pl/ru/montaz-sieci/","RU","warsaw_far"
"SRCH-RU-B-WARSAW-FAR","LAN-INSTALL","обжим кабеля rj45","Exact","Paused","https://naserwis.pl/ru/montaz-sieci/","RU","warsaw_far"
"SRCH-RU-B-WARSAW-FAR","LAN-INSTALL","монтаж компьютерной сети","Phrase","Paused","https://naserwis.pl/ru/montaz-sieci/","RU","warsaw_far"
"SRCH-RU-B-WARSAW-FAR","LAN-INSTALL","монтаж компьютерной сети","Exact","Paused","https://naserwis.pl/ru/montaz-sieci/","RU","warsaw_far"
"SRCH-RU-B-WARSAW-FAR","LAN-INSTALL","монтаж шкафа rack","Phrase","Paused","https://naserwis.pl/ru/montaz-sieci/","RU","warsaw_far"
"SRCH-RU-B-WARSAW-FAR","LAN-INSTALL","монтаж шкафа rack","Exact","Paused","https://naserwis.pl/ru/montaz-sieci/","RU","warsaw_far"
"SRCH-RU-B-WARSAW-FAR","LAN-CCTV-REPAIR","ремонт сети lan","Phrase","Paused","https://naserwis.pl/ru/naprawa-sieci/","RU","warsaw_far"
"SRCH-RU-B-WARSAW-FAR","LAN-CCTV-REPAIR","ремонт сети lan","Exact","Paused","https://naserwis.pl/ru/naprawa-sieci/","RU","warsaw_far"
"SRCH-RU-B-WARSAW-FAR","LAN-CCTV-REPAIR","ремонт сети lan варшава","Phrase","Paused","https://naserwis.pl/ru/naprawa-sieci/","RU","warsaw_far"
"SRCH-RU-B-WARSAW-FAR","LAN-CCTV-REPAIR","ремонт сети lan варшава","Exact","Paused","https://naserwis.pl/ru/naprawa-sieci/","RU","warsaw_far"
"SRCH-RU-B-WARSAW-FAR","LAN-CCTV-REPAIR","обслуживание компьютерных сетей","Phrase","Paused","https://naserwis.pl/ru/naprawa-sieci/","RU","warsaw_far"
"SRCH-RU-B-WARSAW-FAR","LAN-CCTV-REPAIR","обслуживание компьютерных сетей","Exact","Paused","https://naserwis.pl/ru/naprawa-sieci/","RU","warsaw_far"
"SRCH-RU-B-WARSAW-FAR","LAN-CCTV-REPAIR","диагностика сети lan","Phrase","Paused","https://naserwis.pl/ru/naprawa-sieci/","RU","warsaw_far"
"SRCH-RU-B-WARSAW-FAR","LAN-CCTV-REPAIR","диагностика сети lan","Exact","Paused","https://naserwis.pl/ru/naprawa-sieci/","RU","warsaw_far"
"SRCH-RU-B-WARSAW-FAR","LAN-CCTV-REPAIR","ремонт кабельной сети","Phrase","Paused","https://naserwis.pl/ru/naprawa-sieci/","RU","warsaw_far"
"SRCH-RU-B-WARSAW-FAR","LAN-CCTV-REPAIR","ремонт кабельной сети","Exact","Paused","https://naserwis.pl/ru/naprawa-sieci/","RU","warsaw_far"
"SRCH-RU-B-WARSAW-FAR","LAN-CCTV-REPAIR","ремонт видеонаблюдения","Phrase","Paused","https://naserwis.pl/ru/naprawa-sieci/","RU","warsaw_far"
"SRCH-RU-B-WARSAW-FAR","LAN-CCTV-REPAIR","ремонт видеонаблюдения","Exact","Paused","https://naserwis.pl/ru/naprawa-sieci/","RU","warsaw_far"
"SRCH-RU-B-WARSAW-FAR","LAN-CCTV-REPAIR","ремонт розетки rj45","Phrase","Paused","https://naserwis.pl/ru/naprawa-sieci/","RU","warsaw_far"
"SRCH-RU-B-WARSAW-FAR","LAN-CCTV-REPAIR","ремонт розетки rj45","Exact","Paused","https://naserwis.pl/ru/naprawa-sieci/","RU","warsaw_far"
"SRCH-RU-B-WARSAW-FAR","PC-LAPTOP-REPAIR","ремонт ноутбуков варшава","Phrase","Paused","https://naserwis.pl/ru/","RU","warsaw_far"
"SRCH-RU-B-WARSAW-FAR","PC-LAPTOP-REPAIR","ремонт ноутбуков варшава","Exact","Paused","https://naserwis.pl/ru/","RU","warsaw_far"
"SRCH-RU-B-WARSAW-FAR","PC-LAPTOP-REPAIR","ремонт компьютеров варшава","Phrase","Paused","https://naserwis.pl/ru/","RU","warsaw_far"
"SRCH-RU-B-WARSAW-FAR","PC-LAPTOP-REPAIR","ремонт компьютеров варшава","Exact","Paused","https://naserwis.pl/ru/","RU","warsaw_far"
"SRCH-RU-B-WARSAW-FAR","PC-LAPTOP-REPAIR","компьютерный сервис варшава","Phrase","Paused","https://naserwis.pl/ru/","RU","warsaw_far"
"SRCH-RU-B-WARSAW-FAR","PC-LAPTOP-REPAIR","компьютерный сервис варшава","Exact","Paused","https://naserwis.pl/ru/","RU","warsaw_far"
"SRCH-RU-B-WARSAW-FAR","PC-LAPTOP-REPAIR","мастер по компьютерам варшава","Phrase","Paused","https://naserwis.pl/ru/","RU","warsaw_far"
"SRCH-RU-B-WARSAW-FAR","PC-LAPTOP-REPAIR","мастер по компьютерам варшава","Exact","Paused","https://naserwis.pl/ru/","RU","warsaw_far"
"SRCH-RU-B-WARSAW-FAR","PC-LAPTOP-REPAIR","медленно работает компьютер","Phrase","Paused","https://naserwis.pl/ru/","RU","warsaw_far"
"SRCH-RU-B-WARSAW-FAR","PC-LAPTOP-REPAIR","медленно работает компьютер","Exact","Paused","https://naserwis.pl/ru/","RU","warsaw_far"
"SRCH-RU-B-WARSAW-FAR","PC-LAPTOP-REPAIR","диагностика ноутбука","Phrase","Paused","https://naserwis.pl/ru/","RU","warsaw_far"
"SRCH-RU-B-WARSAW-FAR","PC-LAPTOP-REPAIR","диагностика ноутбука","Exact","Paused","https://naserwis.pl/ru/","RU","warsaw_far"
"SRCH-RU-B-WARSAW-FAR","PC-LAPTOP-REPAIR","чистка ноутбука варшава","Phrase","Paused","https://naserwis.pl/ru/","RU","warsaw_far"
"SRCH-RU-B-WARSAW-FAR","PC-LAPTOP-REPAIR","чистка ноутбука варшава","Exact","Paused","https://naserwis.pl/ru/","RU","warsaw_far"
"SRCH-RU-B-WARSAW-FAR","IT-GENERAL","it сервис варшава","Phrase","Paused","https://naserwis.pl/ru/","RU","warsaw_far"
"SRCH-RU-B-WARSAW-FAR","IT-GENERAL","it сервис варшава","Exact","Paused","https://naserwis.pl/ru/","RU","warsaw_far"
"SRCH-RU-B-WARSAW-FAR","IT-GENERAL","компьютерный мастер варшава","Phrase","Paused","https://naserwis.pl/ru/","RU","warsaw_far"
"SRCH-RU-B-WARSAW-FAR","IT-GENERAL","компьютерный мастер варшава","Exact","Paused","https://naserwis.pl/ru/","RU","warsaw_far"
"SRCH-RU-B-WARSAW-FAR","IT-GENERAL","ит специалист с выездом","Phrase","Paused","https://naserwis.pl/ru/","RU","warsaw_far"
"SRCH-RU-B-WARSAW-FAR","IT-GENERAL","ит специалист с выездом","Exact","Paused","https://naserwis.pl/ru/","RU","warsaw_far"
"SRCH-RU-B-WARSAW-FAR","IT-GENERAL","компьютерная помощь варшава","Phrase","Paused","https://naserwis.pl/ru/","RU","warsaw_far"
"SRCH-RU-B-WARSAW-FAR","IT-GENERAL","компьютерная помощь варшава","Exact","Paused","https://naserwis.pl/ru/","RU","warsaw_far"
"SRCH-RU-B-WARSAW-FAR","IT-GENERAL","обслуживание компьютеров варшава","Phrase","Paused","https://naserwis.pl/ru/","RU","warsaw_far"
"SRCH-RU-B-WARSAW-FAR","IT-GENERAL","обслуживание компьютеров варшава","Exact","Paused","https://naserwis.pl/ru/","RU","warsaw_far"
"SRCH-RU-B-WARSAW-FAR","IT-GENERAL","системный администратор варшава","Phrase","Paused","https://naserwis.pl/ru/","RU","warsaw_far"
"SRCH-RU-B-WARSAW-FAR","IT-GENERAL","системный администратор варшава","Exact","Paused","https://naserwis.pl/ru/","RU","warsaw_far"
"SRCH-RU-C-OUTSIDE","WIFI-REPAIR","ремонт wifi","Phrase","Paused","https://naserwis.pl/ru/naprawa-wifi/","RU","outside"
"SRCH-RU-C-OUTSIDE","WIFI-REPAIR","ремонт wifi","Exact","Paused","https://naserwis.pl/ru/naprawa-wifi/","RU","outside"
"SRCH-RU-C-OUTSIDE","WIFI-REPAIR","ремонт wifi варшава","Phrase","Paused","https://naserwis.pl/ru/naprawa-wifi/","RU","outside"
"SRCH-RU-C-OUTSIDE","WIFI-REPAIR","ремонт wifi варшава","Exact","Paused","https://naserwis.pl/ru/naprawa-wifi/","RU","outside"
"SRCH-RU-C-OUTSIDE","WIFI-REPAIR","настройка роутера","Phrase","Paused","https://naserwis.pl/ru/naprawa-wifi/","RU","outside"
"SRCH-RU-C-OUTSIDE","WIFI-REPAIR","настройка роутера","Exact","Paused","https://naserwis.pl/ru/naprawa-wifi/","RU","outside"
"SRCH-RU-C-OUTSIDE","WIFI-REPAIR","настройка роутера варшава","Phrase","Paused","https://naserwis.pl/ru/naprawa-wifi/","RU","outside"
"SRCH-RU-C-OUTSIDE","WIFI-REPAIR","настройка роутера варшава","Exact","Paused","https://naserwis.pl/ru/naprawa-wifi/","RU","outside"
"SRCH-RU-C-OUTSIDE","WIFI-REPAIR","установка mesh","Phrase","Paused","https://naserwis.pl/ru/naprawa-wifi/","RU","outside"
"SRCH-RU-C-OUTSIDE","WIFI-REPAIR","установка mesh","Exact","Paused","https://naserwis.pl/ru/naprawa-wifi/","RU","outside"
"SRCH-RU-C-OUTSIDE","WIFI-REPAIR","слабый сигнал wifi","Phrase","Paused","https://naserwis.pl/ru/naprawa-wifi/","RU","outside"
"SRCH-RU-C-OUTSIDE","WIFI-REPAIR","слабый сигнал wifi","Exact","Paused","https://naserwis.pl/ru/naprawa-wifi/","RU","outside"
"SRCH-RU-C-OUTSIDE","WIFI-REPAIR","не работает wifi","Phrase","Paused","https://naserwis.pl/ru/naprawa-wifi/","RU","outside"
"SRCH-RU-C-OUTSIDE","WIFI-REPAIR","не работает wifi","Exact","Paused","https://naserwis.pl/ru/naprawa-wifi/","RU","outside"
"SRCH-RU-C-OUTSIDE","LAN-INSTALL","монтаж сети lan","Phrase","Paused","https://naserwis.pl/ru/montaz-sieci/","RU","outside"
"SRCH-RU-C-OUTSIDE","LAN-INSTALL","монтаж сети lan","Exact","Paused","https://naserwis.pl/ru/montaz-sieci/","RU","outside"
"SRCH-RU-C-OUTSIDE","LAN-INSTALL","монтаж сети lan варшава","Phrase","Paused","https://naserwis.pl/ru/montaz-sieci/","RU","outside"
"SRCH-RU-C-OUTSIDE","LAN-INSTALL","монтаж сети lan варшава","Exact","Paused","https://naserwis.pl/ru/montaz-sieci/","RU","outside"
"SRCH-RU-C-OUTSIDE","LAN-INSTALL","структурированная кабельная система","Phrase","Paused","https://naserwis.pl/ru/montaz-sieci/","RU","outside"
"SRCH-RU-C-OUTSIDE","LAN-INSTALL","структурированная кабельная система","Exact","Paused","https://naserwis.pl/ru/montaz-sieci/","RU","outside"
"SRCH-RU-C-OUTSIDE","LAN-INSTALL","монтаж розетки rj45","Phrase","Paused","https://naserwis.pl/ru/montaz-sieci/","RU","outside"
"SRCH-RU-C-OUTSIDE","LAN-INSTALL","монтаж розетки rj45","Exact","Paused","https://naserwis.pl/ru/montaz-sieci/","RU","outside"
"SRCH-RU-C-OUTSIDE","LAN-INSTALL","обжим кабеля rj45","Phrase","Paused","https://naserwis.pl/ru/montaz-sieci/","RU","outside"
"SRCH-RU-C-OUTSIDE","LAN-INSTALL","обжим кабеля rj45","Exact","Paused","https://naserwis.pl/ru/montaz-sieci/","RU","outside"
"SRCH-RU-C-OUTSIDE","LAN-INSTALL","монтаж компьютерной сети","Phrase","Paused","https://naserwis.pl/ru/montaz-sieci/","RU","outside"
"SRCH-RU-C-OUTSIDE","LAN-INSTALL","монтаж компьютерной сети","Exact","Paused","https://naserwis.pl/ru/montaz-sieci/","RU","outside"
"SRCH-RU-C-OUTSIDE","LAN-INSTALL","монтаж шкафа rack","Phrase","Paused","https://naserwis.pl/ru/montaz-sieci/","RU","outside"
"SRCH-RU-C-OUTSIDE","LAN-INSTALL","монтаж шкафа rack","Exact","Paused","https://naserwis.pl/ru/montaz-sieci/","RU","outside"
"SRCH-RU-C-OUTSIDE","LAN-CCTV-REPAIR","ремонт сети lan","Phrase","Paused","https://naserwis.pl/ru/naprawa-sieci/","RU","outside"
"SRCH-RU-C-OUTSIDE","LAN-CCTV-REPAIR","ремонт сети lan","Exact","Paused","https://naserwis.pl/ru/naprawa-sieci/","RU","outside"
"SRCH-RU-C-OUTSIDE","LAN-CCTV-REPAIR","ремонт сети lan варшава","Phrase","Paused","https://naserwis.pl/ru/naprawa-sieci/","RU","outside"
"SRCH-RU-C-OUTSIDE","LAN-CCTV-REPAIR","ремонт сети lan варшава","Exact","Paused","https://naserwis.pl/ru/naprawa-sieci/","RU","outside"
"SRCH-RU-C-OUTSIDE","LAN-CCTV-REPAIR","обслуживание компьютерных сетей","Phrase","Paused","https://naserwis.pl/ru/naprawa-sieci/","RU","outside"
"SRCH-RU-C-OUTSIDE","LAN-CCTV-REPAIR","обслуживание компьютерных сетей","Exact","Paused","https://naserwis.pl/ru/naprawa-sieci/","RU","outside"
"SRCH-RU-C-OUTSIDE","LAN-CCTV-REPAIR","диагностика сети lan","Phrase","Paused","https://naserwis.pl/ru/naprawa-sieci/","RU","outside"
"SRCH-RU-C-OUTSIDE","LAN-CCTV-REPAIR","диагностика сети lan","Exact","Paused","https://naserwis.pl/ru/naprawa-sieci/","RU","outside"
"SRCH-RU-C-OUTSIDE","LAN-CCTV-REPAIR","ремонт кабельной сети","Phrase","Paused","https://naserwis.pl/ru/naprawa-sieci/","RU","outside"
"SRCH-RU-C-OUTSIDE","LAN-CCTV-REPAIR","ремонт кабельной сети","Exact","Paused","https://naserwis.pl/ru/naprawa-sieci/","RU","outside"
"SRCH-RU-C-OUTSIDE","LAN-CCTV-REPAIR","ремонт видеонаблюдения","Phrase","Paused","https://naserwis.pl/ru/naprawa-sieci/","RU","outside"
"SRCH-RU-C-OUTSIDE","LAN-CCTV-REPAIR","ремонт видеонаблюдения","Exact","Paused","https://naserwis.pl/ru/naprawa-sieci/","RU","outside"
"SRCH-RU-C-OUTSIDE","LAN-CCTV-REPAIR","ремонт розетки rj45","Phrase","Paused","https://naserwis.pl/ru/naprawa-sieci/","RU","outside"
"SRCH-RU-C-OUTSIDE","LAN-CCTV-REPAIR","ремонт розетки rj45","Exact","Paused","https://naserwis.pl/ru/naprawa-sieci/","RU","outside"
"SRCH-RU-C-OUTSIDE","PC-LAPTOP-REPAIR","ремонт ноутбуков варшава","Phrase","Paused","https://naserwis.pl/ru/","RU","outside"
"SRCH-RU-C-OUTSIDE","PC-LAPTOP-REPAIR","ремонт ноутбуков варшава","Exact","Paused","https://naserwis.pl/ru/","RU","outside"
"SRCH-RU-C-OUTSIDE","PC-LAPTOP-REPAIR","ремонт компьютеров варшава","Phrase","Paused","https://naserwis.pl/ru/","RU","outside"
"SRCH-RU-C-OUTSIDE","PC-LAPTOP-REPAIR","ремонт компьютеров варшава","Exact","Paused","https://naserwis.pl/ru/","RU","outside"
"SRCH-RU-C-OUTSIDE","PC-LAPTOP-REPAIR","компьютерный сервис варшава","Phrase","Paused","https://naserwis.pl/ru/","RU","outside"
"SRCH-RU-C-OUTSIDE","PC-LAPTOP-REPAIR","компьютерный сервис варшава","Exact","Paused","https://naserwis.pl/ru/","RU","outside"
"SRCH-RU-C-OUTSIDE","PC-LAPTOP-REPAIR","мастер по компьютерам варшава","Phrase","Paused","https://naserwis.pl/ru/","RU","outside"
"SRCH-RU-C-OUTSIDE","PC-LAPTOP-REPAIR","мастер по компьютерам варшава","Exact","Paused","https://naserwis.pl/ru/","RU","outside"
"SRCH-RU-C-OUTSIDE","PC-LAPTOP-REPAIR","медленно работает компьютер","Phrase","Paused","https://naserwis.pl/ru/","RU","outside"
"SRCH-RU-C-OUTSIDE","PC-LAPTOP-REPAIR","медленно работает компьютер","Exact","Paused","https://naserwis.pl/ru/","RU","outside"
"SRCH-RU-C-OUTSIDE","PC-LAPTOP-REPAIR","диагностика ноутбука","Phrase","Paused","https://naserwis.pl/ru/","RU","outside"
"SRCH-RU-C-OUTSIDE","PC-LAPTOP-REPAIR","диагностика ноутбука","Exact","Paused","https://naserwis.pl/ru/","RU","outside"
"SRCH-RU-C-OUTSIDE","PC-LAPTOP-REPAIR","чистка ноутбука варшава","Phrase","Paused","https://naserwis.pl/ru/","RU","outside"
"SRCH-RU-C-OUTSIDE","PC-LAPTOP-REPAIR","чистка ноутбука варшава","Exact","Paused","https://naserwis.pl/ru/","RU","outside"
"SRCH-RU-C-OUTSIDE","IT-GENERAL","it сервис варшава","Phrase","Paused","https://naserwis.pl/ru/","RU","outside"
"SRCH-RU-C-OUTSIDE","IT-GENERAL","it сервис варшава","Exact","Paused","https://naserwis.pl/ru/","RU","outside"
"SRCH-RU-C-OUTSIDE","IT-GENERAL","компьютерный мастер варшава","Phrase","Paused","https://naserwis.pl/ru/","RU","outside"
"SRCH-RU-C-OUTSIDE","IT-GENERAL","компьютерный мастер варшава","Exact","Paused","https://naserwis.pl/ru/","RU","outside"
"SRCH-RU-C-OUTSIDE","IT-GENERAL","ит специалист с выездом","Phrase","Paused","https://naserwis.pl/ru/","RU","outside"
"SRCH-RU-C-OUTSIDE","IT-GENERAL","ит специалист с выездом","Exact","Paused","https://naserwis.pl/ru/","RU","outside"
"SRCH-RU-C-OUTSIDE","IT-GENERAL","компьютерная помощь варшава","Phrase","Paused","https://naserwis.pl/ru/","RU","outside"
"SRCH-RU-C-OUTSIDE","IT-GENERAL","компьютерная помощь варшава","Exact","Paused","https://naserwis.pl/ru/","RU","outside"
"SRCH-RU-C-OUTSIDE","IT-GENERAL","обслуживание компьютеров варшава","Phrase","Paused","https://naserwis.pl/ru/","RU","outside"
"SRCH-RU-C-OUTSIDE","IT-GENERAL","обслуживание компьютеров варшава","Exact","Paused","https://naserwis.pl/ru/","RU","outside"
"SRCH-RU-C-OUTSIDE","IT-GENERAL","системный администратор варшава","Phrase","Paused","https://naserwis.pl/ru/","RU","outside"
"SRCH-RU-C-OUTSIDE","IT-GENERAL","системный администратор варшава","Exact","Paused","https://naserwis.pl/ru/","RU","outside"
"SRCH-UK-A-CORE","WIFI-REPAIR","ремонт wifi","Phrase","Paused","https://naserwis.pl/uk/naprawa-wifi/","UK","core"
"SRCH-UK-A-CORE","WIFI-REPAIR","ремонт wifi","Exact","Paused","https://naserwis.pl/uk/naprawa-wifi/","UK","core"
"SRCH-UK-A-CORE","WIFI-REPAIR","ремонт wifi варшава","Phrase","Paused","https://naserwis.pl/uk/naprawa-wifi/","UK","core"
"SRCH-UK-A-CORE","WIFI-REPAIR","ремонт wifi варшава","Exact","Paused","https://naserwis.pl/uk/naprawa-wifi/","UK","core"
"SRCH-UK-A-CORE","WIFI-REPAIR","налаштування роутера","Phrase","Paused","https://naserwis.pl/uk/naprawa-wifi/","UK","core"
"SRCH-UK-A-CORE","WIFI-REPAIR","налаштування роутера","Exact","Paused","https://naserwis.pl/uk/naprawa-wifi/","UK","core"
"SRCH-UK-A-CORE","WIFI-REPAIR","налаштування роутера варшава","Phrase","Paused","https://naserwis.pl/uk/naprawa-wifi/","UK","core"
"SRCH-UK-A-CORE","WIFI-REPAIR","налаштування роутера варшава","Exact","Paused","https://naserwis.pl/uk/naprawa-wifi/","UK","core"
"SRCH-UK-A-CORE","WIFI-REPAIR","встановлення mesh","Phrase","Paused","https://naserwis.pl/uk/naprawa-wifi/","UK","core"
"SRCH-UK-A-CORE","WIFI-REPAIR","встановлення mesh","Exact","Paused","https://naserwis.pl/uk/naprawa-wifi/","UK","core"
"SRCH-UK-A-CORE","WIFI-REPAIR","слабкий сигнал wifi","Phrase","Paused","https://naserwis.pl/uk/naprawa-wifi/","UK","core"
"SRCH-UK-A-CORE","WIFI-REPAIR","слабкий сигнал wifi","Exact","Paused","https://naserwis.pl/uk/naprawa-wifi/","UK","core"
"SRCH-UK-A-CORE","WIFI-REPAIR","не працює wifi","Phrase","Paused","https://naserwis.pl/uk/naprawa-wifi/","UK","core"
"SRCH-UK-A-CORE","WIFI-REPAIR","не працює wifi","Exact","Paused","https://naserwis.pl/uk/naprawa-wifi/","UK","core"
"SRCH-UK-A-CORE","LAN-INSTALL","монтаж мережі lan","Phrase","Paused","https://naserwis.pl/uk/montaz-sieci/","UK","core"
"SRCH-UK-A-CORE","LAN-INSTALL","монтаж мережі lan","Exact","Paused","https://naserwis.pl/uk/montaz-sieci/","UK","core"
"SRCH-UK-A-CORE","LAN-INSTALL","монтаж мережі lan варшава","Phrase","Paused","https://naserwis.pl/uk/montaz-sieci/","UK","core"
"SRCH-UK-A-CORE","LAN-INSTALL","монтаж мережі lan варшава","Exact","Paused","https://naserwis.pl/uk/montaz-sieci/","UK","core"
"SRCH-UK-A-CORE","LAN-INSTALL","структурована кабельна система","Phrase","Paused","https://naserwis.pl/uk/montaz-sieci/","UK","core"
"SRCH-UK-A-CORE","LAN-INSTALL","структурована кабельна система","Exact","Paused","https://naserwis.pl/uk/montaz-sieci/","UK","core"
"SRCH-UK-A-CORE","LAN-INSTALL","монтаж розетки rj45","Phrase","Paused","https://naserwis.pl/uk/montaz-sieci/","UK","core"
"SRCH-UK-A-CORE","LAN-INSTALL","монтаж розетки rj45","Exact","Paused","https://naserwis.pl/uk/montaz-sieci/","UK","core"
"SRCH-UK-A-CORE","LAN-INSTALL","обтиск кабелю rj45","Phrase","Paused","https://naserwis.pl/uk/montaz-sieci/","UK","core"
"SRCH-UK-A-CORE","LAN-INSTALL","обтиск кабелю rj45","Exact","Paused","https://naserwis.pl/uk/montaz-sieci/","UK","core"
"SRCH-UK-A-CORE","LAN-INSTALL","монтаж комп'ютерної мережі","Phrase","Paused","https://naserwis.pl/uk/montaz-sieci/","UK","core"
"SRCH-UK-A-CORE","LAN-INSTALL","монтаж комп'ютерної мережі","Exact","Paused","https://naserwis.pl/uk/montaz-sieci/","UK","core"
"SRCH-UK-A-CORE","LAN-INSTALL","монтаж шафи rack","Phrase","Paused","https://naserwis.pl/uk/montaz-sieci/","UK","core"
"SRCH-UK-A-CORE","LAN-INSTALL","монтаж шафи rack","Exact","Paused","https://naserwis.pl/uk/montaz-sieci/","UK","core"
"SRCH-UK-A-CORE","LAN-CCTV-REPAIR","ремонт мережі lan","Phrase","Paused","https://naserwis.pl/uk/naprawa-sieci/","UK","core"
"SRCH-UK-A-CORE","LAN-CCTV-REPAIR","ремонт мережі lan","Exact","Paused","https://naserwis.pl/uk/naprawa-sieci/","UK","core"
"SRCH-UK-A-CORE","LAN-CCTV-REPAIR","ремонт мережі lan варшава","Phrase","Paused","https://naserwis.pl/uk/naprawa-sieci/","UK","core"
"SRCH-UK-A-CORE","LAN-CCTV-REPAIR","ремонт мережі lan варшава","Exact","Paused","https://naserwis.pl/uk/naprawa-sieci/","UK","core"
"SRCH-UK-A-CORE","LAN-CCTV-REPAIR","обслуговування комп'ютерних мереж","Phrase","Paused","https://naserwis.pl/uk/naprawa-sieci/","UK","core"
"SRCH-UK-A-CORE","LAN-CCTV-REPAIR","обслуговування комп'ютерних мереж","Exact","Paused","https://naserwis.pl/uk/naprawa-sieci/","UK","core"
"SRCH-UK-A-CORE","LAN-CCTV-REPAIR","діагностика мережі lan","Phrase","Paused","https://naserwis.pl/uk/naprawa-sieci/","UK","core"
"SRCH-UK-A-CORE","LAN-CCTV-REPAIR","діагностика мережі lan","Exact","Paused","https://naserwis.pl/uk/naprawa-sieci/","UK","core"
"SRCH-UK-A-CORE","LAN-CCTV-REPAIR","ремонт кабельної мережі","Phrase","Paused","https://naserwis.pl/uk/naprawa-sieci/","UK","core"
"SRCH-UK-A-CORE","LAN-CCTV-REPAIR","ремонт кабельної мережі","Exact","Paused","https://naserwis.pl/uk/naprawa-sieci/","UK","core"
"SRCH-UK-A-CORE","LAN-CCTV-REPAIR","ремонт відеоспостереження","Phrase","Paused","https://naserwis.pl/uk/naprawa-sieci/","UK","core"
"SRCH-UK-A-CORE","LAN-CCTV-REPAIR","ремонт відеоспостереження","Exact","Paused","https://naserwis.pl/uk/naprawa-sieci/","UK","core"
"SRCH-UK-A-CORE","LAN-CCTV-REPAIR","ремонт розетки rj45","Phrase","Paused","https://naserwis.pl/uk/naprawa-sieci/","UK","core"
"SRCH-UK-A-CORE","LAN-CCTV-REPAIR","ремонт розетки rj45","Exact","Paused","https://naserwis.pl/uk/naprawa-sieci/","UK","core"
"SRCH-UK-A-CORE","PC-LAPTOP-REPAIR","ремонт ноутбуків варшава","Phrase","Paused","https://naserwis.pl/uk/","UK","core"
"SRCH-UK-A-CORE","PC-LAPTOP-REPAIR","ремонт ноутбуків варшава","Exact","Paused","https://naserwis.pl/uk/","UK","core"
"SRCH-UK-A-CORE","PC-LAPTOP-REPAIR","ремонт комп'ютерів варшава","Phrase","Paused","https://naserwis.pl/uk/","UK","core"
"SRCH-UK-A-CORE","PC-LAPTOP-REPAIR","ремонт комп'ютерів варшава","Exact","Paused","https://naserwis.pl/uk/","UK","core"
"SRCH-UK-A-CORE","PC-LAPTOP-REPAIR","комп'ютерний сервіс варшава","Phrase","Paused","https://naserwis.pl/uk/","UK","core"
"SRCH-UK-A-CORE","PC-LAPTOP-REPAIR","комп'ютерний сервіс варшава","Exact","Paused","https://naserwis.pl/uk/","UK","core"
"SRCH-UK-A-CORE","PC-LAPTOP-REPAIR","майстер з ремонту комп'ютерів","Phrase","Paused","https://naserwis.pl/uk/","UK","core"
"SRCH-UK-A-CORE","PC-LAPTOP-REPAIR","майстер з ремонту комп'ютерів","Exact","Paused","https://naserwis.pl/uk/","UK","core"
"SRCH-UK-A-CORE","PC-LAPTOP-REPAIR","повільно працює комп'ютер","Phrase","Paused","https://naserwis.pl/uk/","UK","core"
"SRCH-UK-A-CORE","PC-LAPTOP-REPAIR","повільно працює комп'ютер","Exact","Paused","https://naserwis.pl/uk/","UK","core"
"SRCH-UK-A-CORE","PC-LAPTOP-REPAIR","діагностика ноутбука","Phrase","Paused","https://naserwis.pl/uk/","UK","core"
"SRCH-UK-A-CORE","PC-LAPTOP-REPAIR","діагностика ноутбука","Exact","Paused","https://naserwis.pl/uk/","UK","core"
"SRCH-UK-A-CORE","PC-LAPTOP-REPAIR","чищення ноутбука варшава","Phrase","Paused","https://naserwis.pl/uk/","UK","core"
"SRCH-UK-A-CORE","PC-LAPTOP-REPAIR","чищення ноутбука варшава","Exact","Paused","https://naserwis.pl/uk/","UK","core"
"SRCH-UK-A-CORE","IT-GENERAL","it сервіс варшава","Phrase","Paused","https://naserwis.pl/uk/","UK","core"
"SRCH-UK-A-CORE","IT-GENERAL","it сервіс варшава","Exact","Paused","https://naserwis.pl/uk/","UK","core"
"SRCH-UK-A-CORE","IT-GENERAL","комп'ютерний майстер варшава","Phrase","Paused","https://naserwis.pl/uk/","UK","core"
"SRCH-UK-A-CORE","IT-GENERAL","комп'ютерний майстер варшава","Exact","Paused","https://naserwis.pl/uk/","UK","core"
"SRCH-UK-A-CORE","IT-GENERAL","it спеціаліст з виїздом","Phrase","Paused","https://naserwis.pl/uk/","UK","core"
"SRCH-UK-A-CORE","IT-GENERAL","it спеціаліст з виїздом","Exact","Paused","https://naserwis.pl/uk/","UK","core"
"SRCH-UK-A-CORE","IT-GENERAL","комп'ютерна допомога варшава","Phrase","Paused","https://naserwis.pl/uk/","UK","core"
"SRCH-UK-A-CORE","IT-GENERAL","комп'ютерна допомога варшава","Exact","Paused","https://naserwis.pl/uk/","UK","core"
"SRCH-UK-A-CORE","IT-GENERAL","обслуговування комп'ютерів варшава","Phrase","Paused","https://naserwis.pl/uk/","UK","core"
"SRCH-UK-A-CORE","IT-GENERAL","обслуговування комп'ютерів варшава","Exact","Paused","https://naserwis.pl/uk/","UK","core"
"SRCH-UK-A-CORE","IT-GENERAL","системний адміністратор варшава","Phrase","Paused","https://naserwis.pl/uk/","UK","core"
"SRCH-UK-A-CORE","IT-GENERAL","системний адміністратор варшава","Exact","Paused","https://naserwis.pl/uk/","UK","core"
"SRCH-UK-B-WARSAW-FAR","WIFI-REPAIR","ремонт wifi","Phrase","Paused","https://naserwis.pl/uk/naprawa-wifi/","UK","warsaw_far"
"SRCH-UK-B-WARSAW-FAR","WIFI-REPAIR","ремонт wifi","Exact","Paused","https://naserwis.pl/uk/naprawa-wifi/","UK","warsaw_far"
"SRCH-UK-B-WARSAW-FAR","WIFI-REPAIR","ремонт wifi варшава","Phrase","Paused","https://naserwis.pl/uk/naprawa-wifi/","UK","warsaw_far"
"SRCH-UK-B-WARSAW-FAR","WIFI-REPAIR","ремонт wifi варшава","Exact","Paused","https://naserwis.pl/uk/naprawa-wifi/","UK","warsaw_far"
"SRCH-UK-B-WARSAW-FAR","WIFI-REPAIR","налаштування роутера","Phrase","Paused","https://naserwis.pl/uk/naprawa-wifi/","UK","warsaw_far"
"SRCH-UK-B-WARSAW-FAR","WIFI-REPAIR","налаштування роутера","Exact","Paused","https://naserwis.pl/uk/naprawa-wifi/","UK","warsaw_far"
"SRCH-UK-B-WARSAW-FAR","WIFI-REPAIR","налаштування роутера варшава","Phrase","Paused","https://naserwis.pl/uk/naprawa-wifi/","UK","warsaw_far"
"SRCH-UK-B-WARSAW-FAR","WIFI-REPAIR","налаштування роутера варшава","Exact","Paused","https://naserwis.pl/uk/naprawa-wifi/","UK","warsaw_far"
"SRCH-UK-B-WARSAW-FAR","WIFI-REPAIR","встановлення mesh","Phrase","Paused","https://naserwis.pl/uk/naprawa-wifi/","UK","warsaw_far"
"SRCH-UK-B-WARSAW-FAR","WIFI-REPAIR","встановлення mesh","Exact","Paused","https://naserwis.pl/uk/naprawa-wifi/","UK","warsaw_far"
"SRCH-UK-B-WARSAW-FAR","WIFI-REPAIR","слабкий сигнал wifi","Phrase","Paused","https://naserwis.pl/uk/naprawa-wifi/","UK","warsaw_far"
"SRCH-UK-B-WARSAW-FAR","WIFI-REPAIR","слабкий сигнал wifi","Exact","Paused","https://naserwis.pl/uk/naprawa-wifi/","UK","warsaw_far"
"SRCH-UK-B-WARSAW-FAR","WIFI-REPAIR","не працює wifi","Phrase","Paused","https://naserwis.pl/uk/naprawa-wifi/","UK","warsaw_far"
"SRCH-UK-B-WARSAW-FAR","WIFI-REPAIR","не працює wifi","Exact","Paused","https://naserwis.pl/uk/naprawa-wifi/","UK","warsaw_far"
"SRCH-UK-B-WARSAW-FAR","LAN-INSTALL","монтаж мережі lan","Phrase","Paused","https://naserwis.pl/uk/montaz-sieci/","UK","warsaw_far"
"SRCH-UK-B-WARSAW-FAR","LAN-INSTALL","монтаж мережі lan","Exact","Paused","https://naserwis.pl/uk/montaz-sieci/","UK","warsaw_far"
"SRCH-UK-B-WARSAW-FAR","LAN-INSTALL","монтаж мережі lan варшава","Phrase","Paused","https://naserwis.pl/uk/montaz-sieci/","UK","warsaw_far"
"SRCH-UK-B-WARSAW-FAR","LAN-INSTALL","монтаж мережі lan варшава","Exact","Paused","https://naserwis.pl/uk/montaz-sieci/","UK","warsaw_far"
"SRCH-UK-B-WARSAW-FAR","LAN-INSTALL","структурована кабельна система","Phrase","Paused","https://naserwis.pl/uk/montaz-sieci/","UK","warsaw_far"
"SRCH-UK-B-WARSAW-FAR","LAN-INSTALL","структурована кабельна система","Exact","Paused","https://naserwis.pl/uk/montaz-sieci/","UK","warsaw_far"
"SRCH-UK-B-WARSAW-FAR","LAN-INSTALL","монтаж розетки rj45","Phrase","Paused","https://naserwis.pl/uk/montaz-sieci/","UK","warsaw_far"
"SRCH-UK-B-WARSAW-FAR","LAN-INSTALL","монтаж розетки rj45","Exact","Paused","https://naserwis.pl/uk/montaz-sieci/","UK","warsaw_far"
"SRCH-UK-B-WARSAW-FAR","LAN-INSTALL","обтиск кабелю rj45","Phrase","Paused","https://naserwis.pl/uk/montaz-sieci/","UK","warsaw_far"
"SRCH-UK-B-WARSAW-FAR","LAN-INSTALL","обтиск кабелю rj45","Exact","Paused","https://naserwis.pl/uk/montaz-sieci/","UK","warsaw_far"
"SRCH-UK-B-WARSAW-FAR","LAN-INSTALL","монтаж комп'ютерної мережі","Phrase","Paused","https://naserwis.pl/uk/montaz-sieci/","UK","warsaw_far"
"SRCH-UK-B-WARSAW-FAR","LAN-INSTALL","монтаж комп'ютерної мережі","Exact","Paused","https://naserwis.pl/uk/montaz-sieci/","UK","warsaw_far"
"SRCH-UK-B-WARSAW-FAR","LAN-INSTALL","монтаж шафи rack","Phrase","Paused","https://naserwis.pl/uk/montaz-sieci/","UK","warsaw_far"
"SRCH-UK-B-WARSAW-FAR","LAN-INSTALL","монтаж шафи rack","Exact","Paused","https://naserwis.pl/uk/montaz-sieci/","UK","warsaw_far"
"SRCH-UK-B-WARSAW-FAR","LAN-CCTV-REPAIR","ремонт мережі lan","Phrase","Paused","https://naserwis.pl/uk/naprawa-sieci/","UK","warsaw_far"
"SRCH-UK-B-WARSAW-FAR","LAN-CCTV-REPAIR","ремонт мережі lan","Exact","Paused","https://naserwis.pl/uk/naprawa-sieci/","UK","warsaw_far"
"SRCH-UK-B-WARSAW-FAR","LAN-CCTV-REPAIR","ремонт мережі lan варшава","Phrase","Paused","https://naserwis.pl/uk/naprawa-sieci/","UK","warsaw_far"
"SRCH-UK-B-WARSAW-FAR","LAN-CCTV-REPAIR","ремонт мережі lan варшава","Exact","Paused","https://naserwis.pl/uk/naprawa-sieci/","UK","warsaw_far"
"SRCH-UK-B-WARSAW-FAR","LAN-CCTV-REPAIR","обслуговування комп'ютерних мереж","Phrase","Paused","https://naserwis.pl/uk/naprawa-sieci/","UK","warsaw_far"
"SRCH-UK-B-WARSAW-FAR","LAN-CCTV-REPAIR","обслуговування комп'ютерних мереж","Exact","Paused","https://naserwis.pl/uk/naprawa-sieci/","UK","warsaw_far"
"SRCH-UK-B-WARSAW-FAR","LAN-CCTV-REPAIR","діагностика мережі lan","Phrase","Paused","https://naserwis.pl/uk/naprawa-sieci/","UK","warsaw_far"
"SRCH-UK-B-WARSAW-FAR","LAN-CCTV-REPAIR","діагностика мережі lan","Exact","Paused","https://naserwis.pl/uk/naprawa-sieci/","UK","warsaw_far"
"SRCH-UK-B-WARSAW-FAR","LAN-CCTV-REPAIR","ремонт кабельної мережі","Phrase","Paused","https://naserwis.pl/uk/naprawa-sieci/","UK","warsaw_far"
"SRCH-UK-B-WARSAW-FAR","LAN-CCTV-REPAIR","ремонт кабельної мережі","Exact","Paused","https://naserwis.pl/uk/naprawa-sieci/","UK","warsaw_far"
"SRCH-UK-B-WARSAW-FAR","LAN-CCTV-REPAIR","ремонт відеоспостереження","Phrase","Paused","https://naserwis.pl/uk/naprawa-sieci/","UK","warsaw_far"
"SRCH-UK-B-WARSAW-FAR","LAN-CCTV-REPAIR","ремонт відеоспостереження","Exact","Paused","https://naserwis.pl/uk/naprawa-sieci/","UK","warsaw_far"
"SRCH-UK-B-WARSAW-FAR","LAN-CCTV-REPAIR","ремонт розетки rj45","Phrase","Paused","https://naserwis.pl/uk/naprawa-sieci/","UK","warsaw_far"
"SRCH-UK-B-WARSAW-FAR","LAN-CCTV-REPAIR","ремонт розетки rj45","Exact","Paused","https://naserwis.pl/uk/naprawa-sieci/","UK","warsaw_far"
"SRCH-UK-B-WARSAW-FAR","PC-LAPTOP-REPAIR","ремонт ноутбуків варшава","Phrase","Paused","https://naserwis.pl/uk/","UK","warsaw_far"
"SRCH-UK-B-WARSAW-FAR","PC-LAPTOP-REPAIR","ремонт ноутбуків варшава","Exact","Paused","https://naserwis.pl/uk/","UK","warsaw_far"
"SRCH-UK-B-WARSAW-FAR","PC-LAPTOP-REPAIR","ремонт комп'ютерів варшава","Phrase","Paused","https://naserwis.pl/uk/","UK","warsaw_far"
"SRCH-UK-B-WARSAW-FAR","PC-LAPTOP-REPAIR","ремонт комп'ютерів варшава","Exact","Paused","https://naserwis.pl/uk/","UK","warsaw_far"
"SRCH-UK-B-WARSAW-FAR","PC-LAPTOP-REPAIR","комп'ютерний сервіс варшава","Phrase","Paused","https://naserwis.pl/uk/","UK","warsaw_far"
"SRCH-UK-B-WARSAW-FAR","PC-LAPTOP-REPAIR","комп'ютерний сервіс варшава","Exact","Paused","https://naserwis.pl/uk/","UK","warsaw_far"
"SRCH-UK-B-WARSAW-FAR","PC-LAPTOP-REPAIR","майстер з ремонту комп'ютерів","Phrase","Paused","https://naserwis.pl/uk/","UK","warsaw_far"
"SRCH-UK-B-WARSAW-FAR","PC-LAPTOP-REPAIR","майстер з ремонту комп'ютерів","Exact","Paused","https://naserwis.pl/uk/","UK","warsaw_far"
"SRCH-UK-B-WARSAW-FAR","PC-LAPTOP-REPAIR","повільно працює комп'ютер","Phrase","Paused","https://naserwis.pl/uk/","UK","warsaw_far"
"SRCH-UK-B-WARSAW-FAR","PC-LAPTOP-REPAIR","повільно працює комп'ютер","Exact","Paused","https://naserwis.pl/uk/","UK","warsaw_far"
"SRCH-UK-B-WARSAW-FAR","PC-LAPTOP-REPAIR","діагностика ноутбука","Phrase","Paused","https://naserwis.pl/uk/","UK","warsaw_far"
"SRCH-UK-B-WARSAW-FAR","PC-LAPTOP-REPAIR","діагностика ноутбука","Exact","Paused","https://naserwis.pl/uk/","UK","warsaw_far"
"SRCH-UK-B-WARSAW-FAR","PC-LAPTOP-REPAIR","чищення ноутбука варшава","Phrase","Paused","https://naserwis.pl/uk/","UK","warsaw_far"
"SRCH-UK-B-WARSAW-FAR","PC-LAPTOP-REPAIR","чищення ноутбука варшава","Exact","Paused","https://naserwis.pl/uk/","UK","warsaw_far"
"SRCH-UK-B-WARSAW-FAR","IT-GENERAL","it сервіс варшава","Phrase","Paused","https://naserwis.pl/uk/","UK","warsaw_far"
"SRCH-UK-B-WARSAW-FAR","IT-GENERAL","it сервіс варшава","Exact","Paused","https://naserwis.pl/uk/","UK","warsaw_far"
"SRCH-UK-B-WARSAW-FAR","IT-GENERAL","комп'ютерний майстер варшава","Phrase","Paused","https://naserwis.pl/uk/","UK","warsaw_far"
"SRCH-UK-B-WARSAW-FAR","IT-GENERAL","комп'ютерний майстер варшава","Exact","Paused","https://naserwis.pl/uk/","UK","warsaw_far"
"SRCH-UK-B-WARSAW-FAR","IT-GENERAL","it спеціаліст з виїздом","Phrase","Paused","https://naserwis.pl/uk/","UK","warsaw_far"
"SRCH-UK-B-WARSAW-FAR","IT-GENERAL","it спеціаліст з виїздом","Exact","Paused","https://naserwis.pl/uk/","UK","warsaw_far"
"SRCH-UK-B-WARSAW-FAR","IT-GENERAL","комп'ютерна допомога варшава","Phrase","Paused","https://naserwis.pl/uk/","UK","warsaw_far"
"SRCH-UK-B-WARSAW-FAR","IT-GENERAL","комп'ютерна допомога варшава","Exact","Paused","https://naserwis.pl/uk/","UK","warsaw_far"
"SRCH-UK-B-WARSAW-FAR","IT-GENERAL","обслуговування комп'ютерів варшава","Phrase","Paused","https://naserwis.pl/uk/","UK","warsaw_far"
"SRCH-UK-B-WARSAW-FAR","IT-GENERAL","обслуговування комп'ютерів варшава","Exact","Paused","https://naserwis.pl/uk/","UK","warsaw_far"
"SRCH-UK-B-WARSAW-FAR","IT-GENERAL","системний адміністратор варшава","Phrase","Paused","https://naserwis.pl/uk/","UK","warsaw_far"
"SRCH-UK-B-WARSAW-FAR","IT-GENERAL","системний адміністратор варшава","Exact","Paused","https://naserwis.pl/uk/","UK","warsaw_far"
"SRCH-UK-C-OUTSIDE","WIFI-REPAIR","ремонт wifi","Phrase","Paused","https://naserwis.pl/uk/naprawa-wifi/","UK","outside"
"SRCH-UK-C-OUTSIDE","WIFI-REPAIR","ремонт wifi","Exact","Paused","https://naserwis.pl/uk/naprawa-wifi/","UK","outside"
"SRCH-UK-C-OUTSIDE","WIFI-REPAIR","ремонт wifi варшава","Phrase","Paused","https://naserwis.pl/uk/naprawa-wifi/","UK","outside"
"SRCH-UK-C-OUTSIDE","WIFI-REPAIR","ремонт wifi варшава","Exact","Paused","https://naserwis.pl/uk/naprawa-wifi/","UK","outside"
"SRCH-UK-C-OUTSIDE","WIFI-REPAIR","налаштування роутера","Phrase","Paused","https://naserwis.pl/uk/naprawa-wifi/","UK","outside"
"SRCH-UK-C-OUTSIDE","WIFI-REPAIR","налаштування роутера","Exact","Paused","https://naserwis.pl/uk/naprawa-wifi/","UK","outside"
"SRCH-UK-C-OUTSIDE","WIFI-REPAIR","налаштування роутера варшава","Phrase","Paused","https://naserwis.pl/uk/naprawa-wifi/","UK","outside"
"SRCH-UK-C-OUTSIDE","WIFI-REPAIR","налаштування роутера варшава","Exact","Paused","https://naserwis.pl/uk/naprawa-wifi/","UK","outside"
"SRCH-UK-C-OUTSIDE","WIFI-REPAIR","встановлення mesh","Phrase","Paused","https://naserwis.pl/uk/naprawa-wifi/","UK","outside"
"SRCH-UK-C-OUTSIDE","WIFI-REPAIR","встановлення mesh","Exact","Paused","https://naserwis.pl/uk/naprawa-wifi/","UK","outside"
"SRCH-UK-C-OUTSIDE","WIFI-REPAIR","слабкий сигнал wifi","Phrase","Paused","https://naserwis.pl/uk/naprawa-wifi/","UK","outside"
"SRCH-UK-C-OUTSIDE","WIFI-REPAIR","слабкий сигнал wifi","Exact","Paused","https://naserwis.pl/uk/naprawa-wifi/","UK","outside"
"SRCH-UK-C-OUTSIDE","WIFI-REPAIR","не працює wifi","Phrase","Paused","https://naserwis.pl/uk/naprawa-wifi/","UK","outside"
"SRCH-UK-C-OUTSIDE","WIFI-REPAIR","не працює wifi","Exact","Paused","https://naserwis.pl/uk/naprawa-wifi/","UK","outside"
"SRCH-UK-C-OUTSIDE","LAN-INSTALL","монтаж мережі lan","Phrase","Paused","https://naserwis.pl/uk/montaz-sieci/","UK","outside"
"SRCH-UK-C-OUTSIDE","LAN-INSTALL","монтаж мережі lan","Exact","Paused","https://naserwis.pl/uk/montaz-sieci/","UK","outside"
"SRCH-UK-C-OUTSIDE","LAN-INSTALL","монтаж мережі lan варшава","Phrase","Paused","https://naserwis.pl/uk/montaz-sieci/","UK","outside"
"SRCH-UK-C-OUTSIDE","LAN-INSTALL","монтаж мережі lan варшава","Exact","Paused","https://naserwis.pl/uk/montaz-sieci/","UK","outside"
"SRCH-UK-C-OUTSIDE","LAN-INSTALL","структурована кабельна система","Phrase","Paused","https://naserwis.pl/uk/montaz-sieci/","UK","outside"
"SRCH-UK-C-OUTSIDE","LAN-INSTALL","структурована кабельна система","Exact","Paused","https://naserwis.pl/uk/montaz-sieci/","UK","outside"
"SRCH-UK-C-OUTSIDE","LAN-INSTALL","монтаж розетки rj45","Phrase","Paused","https://naserwis.pl/uk/montaz-sieci/","UK","outside"
"SRCH-UK-C-OUTSIDE","LAN-INSTALL","монтаж розетки rj45","Exact","Paused","https://naserwis.pl/uk/montaz-sieci/","UK","outside"
"SRCH-UK-C-OUTSIDE","LAN-INSTALL","обтиск кабелю rj45","Phrase","Paused","https://naserwis.pl/uk/montaz-sieci/","UK","outside"
"SRCH-UK-C-OUTSIDE","LAN-INSTALL","обтиск кабелю rj45","Exact","Paused","https://naserwis.pl/uk/montaz-sieci/","UK","outside"
"SRCH-UK-C-OUTSIDE","LAN-INSTALL","монтаж комп'ютерної мережі","Phrase","Paused","https://naserwis.pl/uk/montaz-sieci/","UK","outside"
"SRCH-UK-C-OUTSIDE","LAN-INSTALL","монтаж комп'ютерної мережі","Exact","Paused","https://naserwis.pl/uk/montaz-sieci/","UK","outside"
"SRCH-UK-C-OUTSIDE","LAN-INSTALL","монтаж шафи rack","Phrase","Paused","https://naserwis.pl/uk/montaz-sieci/","UK","outside"
"SRCH-UK-C-OUTSIDE","LAN-INSTALL","монтаж шафи rack","Exact","Paused","https://naserwis.pl/uk/montaz-sieci/","UK","outside"
"SRCH-UK-C-OUTSIDE","LAN-CCTV-REPAIR","ремонт мережі lan","Phrase","Paused","https://naserwis.pl/uk/naprawa-sieci/","UK","outside"
"SRCH-UK-C-OUTSIDE","LAN-CCTV-REPAIR","ремонт мережі lan","Exact","Paused","https://naserwis.pl/uk/naprawa-sieci/","UK","outside"
"SRCH-UK-C-OUTSIDE","LAN-CCTV-REPAIR","ремонт мережі lan варшава","Phrase","Paused","https://naserwis.pl/uk/naprawa-sieci/","UK","outside"
"SRCH-UK-C-OUTSIDE","LAN-CCTV-REPAIR","ремонт мережі lan варшава","Exact","Paused","https://naserwis.pl/uk/naprawa-sieci/","UK","outside"
"SRCH-UK-C-OUTSIDE","LAN-CCTV-REPAIR","обслуговування комп'ютерних мереж","Phrase","Paused","https://naserwis.pl/uk/naprawa-sieci/","UK","outside"
"SRCH-UK-C-OUTSIDE","LAN-CCTV-REPAIR","обслуговування комп'ютерних мереж","Exact","Paused","https://naserwis.pl/uk/naprawa-sieci/","UK","outside"
"SRCH-UK-C-OUTSIDE","LAN-CCTV-REPAIR","діагностика мережі lan","Phrase","Paused","https://naserwis.pl/uk/naprawa-sieci/","UK","outside"
"SRCH-UK-C-OUTSIDE","LAN-CCTV-REPAIR","діагностика мережі lan","Exact","Paused","https://naserwis.pl/uk/naprawa-sieci/","UK","outside"
"SRCH-UK-C-OUTSIDE","LAN-CCTV-REPAIR","ремонт кабельної мережі","Phrase","Paused","https://naserwis.pl/uk/naprawa-sieci/","UK","outside"
"SRCH-UK-C-OUTSIDE","LAN-CCTV-REPAIR","ремонт кабельної мережі","Exact","Paused","https://naserwis.pl/uk/naprawa-sieci/","UK","outside"
"SRCH-UK-C-OUTSIDE","LAN-CCTV-REPAIR","ремонт відеоспостереження","Phrase","Paused","https://naserwis.pl/uk/naprawa-sieci/","UK","outside"
"SRCH-UK-C-OUTSIDE","LAN-CCTV-REPAIR","ремонт відеоспостереження","Exact","Paused","https://naserwis.pl/uk/naprawa-sieci/","UK","outside"
"SRCH-UK-C-OUTSIDE","LAN-CCTV-REPAIR","ремонт розетки rj45","Phrase","Paused","https://naserwis.pl/uk/naprawa-sieci/","UK","outside"
"SRCH-UK-C-OUTSIDE","LAN-CCTV-REPAIR","ремонт розетки rj45","Exact","Paused","https://naserwis.pl/uk/naprawa-sieci/","UK","outside"
"SRCH-UK-C-OUTSIDE","PC-LAPTOP-REPAIR","ремонт ноутбуків варшава","Phrase","Paused","https://naserwis.pl/uk/","UK","outside"
"SRCH-UK-C-OUTSIDE","PC-LAPTOP-REPAIR","ремонт ноутбуків варшава","Exact","Paused","https://naserwis.pl/uk/","UK","outside"
"SRCH-UK-C-OUTSIDE","PC-LAPTOP-REPAIR","ремонт комп'ютерів варшава","Phrase","Paused","https://naserwis.pl/uk/","UK","outside"
"SRCH-UK-C-OUTSIDE","PC-LAPTOP-REPAIR","ремонт комп'ютерів варшава","Exact","Paused","https://naserwis.pl/uk/","UK","outside"
"SRCH-UK-C-OUTSIDE","PC-LAPTOP-REPAIR","комп'ютерний сервіс варшава","Phrase","Paused","https://naserwis.pl/uk/","UK","outside"
"SRCH-UK-C-OUTSIDE","PC-LAPTOP-REPAIR","комп'ютерний сервіс варшава","Exact","Paused","https://naserwis.pl/uk/","UK","outside"
"SRCH-UK-C-OUTSIDE","PC-LAPTOP-REPAIR","майстер з ремонту комп'ютерів","Phrase","Paused","https://naserwis.pl/uk/","UK","outside"
"SRCH-UK-C-OUTSIDE","PC-LAPTOP-REPAIR","майстер з ремонту комп'ютерів","Exact","Paused","https://naserwis.pl/uk/","UK","outside"
"SRCH-UK-C-OUTSIDE","PC-LAPTOP-REPAIR","повільно працює комп'ютер","Phrase","Paused","https://naserwis.pl/uk/","UK","outside"
"SRCH-UK-C-OUTSIDE","PC-LAPTOP-REPAIR","повільно працює комп'ютер","Exact","Paused","https://naserwis.pl/uk/","UK","outside"
"SRCH-UK-C-OUTSIDE","PC-LAPTOP-REPAIR","діагностика ноутбука","Phrase","Paused","https://naserwis.pl/uk/","UK","outside"
"SRCH-UK-C-OUTSIDE","PC-LAPTOP-REPAIR","діагностика ноутбука","Exact","Paused","https://naserwis.pl/uk/","UK","outside"
"SRCH-UK-C-OUTSIDE","PC-LAPTOP-REPAIR","чищення ноутбука варшава","Phrase","Paused","https://naserwis.pl/uk/","UK","outside"
"SRCH-UK-C-OUTSIDE","PC-LAPTOP-REPAIR","чищення ноутбука варшава","Exact","Paused","https://naserwis.pl/uk/","UK","outside"
"SRCH-UK-C-OUTSIDE","IT-GENERAL","it сервіс варшава","Phrase","Paused","https://naserwis.pl/uk/","UK","outside"
"SRCH-UK-C-OUTSIDE","IT-GENERAL","it сервіс варшава","Exact","Paused","https://naserwis.pl/uk/","UK","outside"
"SRCH-UK-C-OUTSIDE","IT-GENERAL","комп'ютерний майстер варшава","Phrase","Paused","https://naserwis.pl/uk/","UK","outside"
"SRCH-UK-C-OUTSIDE","IT-GENERAL","комп'ютерний майстер варшава","Exact","Paused","https://naserwis.pl/uk/","UK","outside"
"SRCH-UK-C-OUTSIDE","IT-GENERAL","it спеціаліст з виїздом","Phrase","Paused","https://naserwis.pl/uk/","UK","outside"
"SRCH-UK-C-OUTSIDE","IT-GENERAL","it спеціаліст з виїздом","Exact","Paused","https://naserwis.pl/uk/","UK","outside"
"SRCH-UK-C-OUTSIDE","IT-GENERAL","комп'ютерна допомога варшава","Phrase","Paused","https://naserwis.pl/uk/","UK","outside"
"SRCH-UK-C-OUTSIDE","IT-GENERAL","комп'ютерна допомога варшава","Exact","Paused","https://naserwis.pl/uk/","UK","outside"
"SRCH-UK-C-OUTSIDE","IT-GENERAL","обслуговування комп'ютерів варшава","Phrase","Paused","https://naserwis.pl/uk/","UK","outside"
"SRCH-UK-C-OUTSIDE","IT-GENERAL","обслуговування комп'ютерів варшава","Exact","Paused","https://naserwis.pl/uk/","UK","outside"
"SRCH-UK-C-OUTSIDE","IT-GENERAL","системний адміністратор варшава","Phrase","Paused","https://naserwis.pl/uk/","UK","outside"
"SRCH-UK-C-OUTSIDE","IT-GENERAL","системний адміністратор варшава","Exact","Paused","https://naserwis.pl/uk/","UK","outside"
"SRCH-EN-A-CORE","WIFI-REPAIR","wifi repair","Phrase","Paused","https://naserwis.pl/en/naprawa-wifi/","EN","core"
"SRCH-EN-A-CORE","WIFI-REPAIR","wifi repair","Exact","Paused","https://naserwis.pl/en/naprawa-wifi/","EN","core"
"SRCH-EN-A-CORE","WIFI-REPAIR","wifi repair warsaw","Phrase","Paused","https://naserwis.pl/en/naprawa-wifi/","EN","core"
"SRCH-EN-A-CORE","WIFI-REPAIR","wifi repair warsaw","Exact","Paused","https://naserwis.pl/en/naprawa-wifi/","EN","core"
"SRCH-EN-A-CORE","WIFI-REPAIR","router setup","Phrase","Paused","https://naserwis.pl/en/naprawa-wifi/","EN","core"
"SRCH-EN-A-CORE","WIFI-REPAIR","router setup","Exact","Paused","https://naserwis.pl/en/naprawa-wifi/","EN","core"
"SRCH-EN-A-CORE","WIFI-REPAIR","router setup warsaw","Phrase","Paused","https://naserwis.pl/en/naprawa-wifi/","EN","core"
"SRCH-EN-A-CORE","WIFI-REPAIR","router setup warsaw","Exact","Paused","https://naserwis.pl/en/naprawa-wifi/","EN","core"
"SRCH-EN-A-CORE","WIFI-REPAIR","mesh wifi installation","Phrase","Paused","https://naserwis.pl/en/naprawa-wifi/","EN","core"
"SRCH-EN-A-CORE","WIFI-REPAIR","mesh wifi installation","Exact","Paused","https://naserwis.pl/en/naprawa-wifi/","EN","core"
"SRCH-EN-A-CORE","WIFI-REPAIR","weak wifi signal","Phrase","Paused","https://naserwis.pl/en/naprawa-wifi/","EN","core"
"SRCH-EN-A-CORE","WIFI-REPAIR","weak wifi signal","Exact","Paused","https://naserwis.pl/en/naprawa-wifi/","EN","core"
"SRCH-EN-A-CORE","WIFI-REPAIR","wifi not working","Phrase","Paused","https://naserwis.pl/en/naprawa-wifi/","EN","core"
"SRCH-EN-A-CORE","WIFI-REPAIR","wifi not working","Exact","Paused","https://naserwis.pl/en/naprawa-wifi/","EN","core"
"SRCH-EN-A-CORE","LAN-INSTALL","lan installation","Phrase","Paused","https://naserwis.pl/en/montaz-sieci/","EN","core"
"SRCH-EN-A-CORE","LAN-INSTALL","lan installation","Exact","Paused","https://naserwis.pl/en/montaz-sieci/","EN","core"
"SRCH-EN-A-CORE","LAN-INSTALL","lan installation warsaw","Phrase","Paused","https://naserwis.pl/en/montaz-sieci/","EN","core"
"SRCH-EN-A-CORE","LAN-INSTALL","lan installation warsaw","Exact","Paused","https://naserwis.pl/en/montaz-sieci/","EN","core"
"SRCH-EN-A-CORE","LAN-INSTALL","structured cabling warsaw","Phrase","Paused","https://naserwis.pl/en/montaz-sieci/","EN","core"
"SRCH-EN-A-CORE","LAN-INSTALL","structured cabling warsaw","Exact","Paused","https://naserwis.pl/en/montaz-sieci/","EN","core"
"SRCH-EN-A-CORE","LAN-INSTALL","rj45 socket installation","Phrase","Paused","https://naserwis.pl/en/montaz-sieci/","EN","core"
"SRCH-EN-A-CORE","LAN-INSTALL","rj45 socket installation","Exact","Paused","https://naserwis.pl/en/montaz-sieci/","EN","core"
"SRCH-EN-A-CORE","LAN-INSTALL","rj45 cable termination","Phrase","Paused","https://naserwis.pl/en/montaz-sieci/","EN","core"
"SRCH-EN-A-CORE","LAN-INSTALL","rj45 cable termination","Exact","Paused","https://naserwis.pl/en/montaz-sieci/","EN","core"
"SRCH-EN-A-CORE","LAN-INSTALL","computer network installation","Phrase","Paused","https://naserwis.pl/en/montaz-sieci/","EN","core"
"SRCH-EN-A-CORE","LAN-INSTALL","computer network installation","Exact","Paused","https://naserwis.pl/en/montaz-sieci/","EN","core"
"SRCH-EN-A-CORE","LAN-INSTALL","rack cabinet installation","Phrase","Paused","https://naserwis.pl/en/montaz-sieci/","EN","core"
"SRCH-EN-A-CORE","LAN-INSTALL","rack cabinet installation","Exact","Paused","https://naserwis.pl/en/montaz-sieci/","EN","core"
"SRCH-EN-A-CORE","LAN-CCTV-REPAIR","lan repair","Phrase","Paused","https://naserwis.pl/en/naprawa-sieci/","EN","core"
"SRCH-EN-A-CORE","LAN-CCTV-REPAIR","lan repair","Exact","Paused","https://naserwis.pl/en/naprawa-sieci/","EN","core"
"SRCH-EN-A-CORE","LAN-CCTV-REPAIR","lan repair warsaw","Phrase","Paused","https://naserwis.pl/en/naprawa-sieci/","EN","core"
"SRCH-EN-A-CORE","LAN-CCTV-REPAIR","lan repair warsaw","Exact","Paused","https://naserwis.pl/en/naprawa-sieci/","EN","core"
"SRCH-EN-A-CORE","LAN-CCTV-REPAIR","computer network service","Phrase","Paused","https://naserwis.pl/en/naprawa-sieci/","EN","core"
"SRCH-EN-A-CORE","LAN-CCTV-REPAIR","computer network service","Exact","Paused","https://naserwis.pl/en/naprawa-sieci/","EN","core"
"SRCH-EN-A-CORE","LAN-CCTV-REPAIR","lan diagnostics","Phrase","Paused","https://naserwis.pl/en/naprawa-sieci/","EN","core"
"SRCH-EN-A-CORE","LAN-CCTV-REPAIR","lan diagnostics","Exact","Paused","https://naserwis.pl/en/naprawa-sieci/","EN","core"
"SRCH-EN-A-CORE","LAN-CCTV-REPAIR","network cabling repair","Phrase","Paused","https://naserwis.pl/en/naprawa-sieci/","EN","core"
"SRCH-EN-A-CORE","LAN-CCTV-REPAIR","network cabling repair","Exact","Paused","https://naserwis.pl/en/naprawa-sieci/","EN","core"
"SRCH-EN-A-CORE","LAN-CCTV-REPAIR","cctv repair warsaw","Phrase","Paused","https://naserwis.pl/en/naprawa-sieci/","EN","core"
"SRCH-EN-A-CORE","LAN-CCTV-REPAIR","cctv repair warsaw","Exact","Paused","https://naserwis.pl/en/naprawa-sieci/","EN","core"
"SRCH-EN-A-CORE","LAN-CCTV-REPAIR","rj45 socket repair","Phrase","Paused","https://naserwis.pl/en/naprawa-sieci/","EN","core"
"SRCH-EN-A-CORE","LAN-CCTV-REPAIR","rj45 socket repair","Exact","Paused","https://naserwis.pl/en/naprawa-sieci/","EN","core"
"SRCH-EN-A-CORE","PC-LAPTOP-REPAIR","laptop repair warsaw","Phrase","Paused","https://naserwis.pl/en/","EN","core"
"SRCH-EN-A-CORE","PC-LAPTOP-REPAIR","laptop repair warsaw","Exact","Paused","https://naserwis.pl/en/","EN","core"
"SRCH-EN-A-CORE","PC-LAPTOP-REPAIR","computer repair warsaw","Phrase","Paused","https://naserwis.pl/en/","EN","core"
"SRCH-EN-A-CORE","PC-LAPTOP-REPAIR","computer repair warsaw","Exact","Paused","https://naserwis.pl/en/","EN","core"
"SRCH-EN-A-CORE","PC-LAPTOP-REPAIR","computer service warsaw","Phrase","Paused","https://naserwis.pl/en/","EN","core"
"SRCH-EN-A-CORE","PC-LAPTOP-REPAIR","computer service warsaw","Exact","Paused","https://naserwis.pl/en/","EN","core"
"SRCH-EN-A-CORE","PC-LAPTOP-REPAIR","computer technician warsaw","Phrase","Paused","https://naserwis.pl/en/","EN","core"
"SRCH-EN-A-CORE","PC-LAPTOP-REPAIR","computer technician warsaw","Exact","Paused","https://naserwis.pl/en/","EN","core"
"SRCH-EN-A-CORE","PC-LAPTOP-REPAIR","slow computer repair","Phrase","Paused","https://naserwis.pl/en/","EN","core"
"SRCH-EN-A-CORE","PC-LAPTOP-REPAIR","slow computer repair","Exact","Paused","https://naserwis.pl/en/","EN","core"
"SRCH-EN-A-CORE","PC-LAPTOP-REPAIR","laptop diagnostics","Phrase","Paused","https://naserwis.pl/en/","EN","core"
"SRCH-EN-A-CORE","PC-LAPTOP-REPAIR","laptop diagnostics","Exact","Paused","https://naserwis.pl/en/","EN","core"
"SRCH-EN-A-CORE","PC-LAPTOP-REPAIR","laptop cleaning warsaw","Phrase","Paused","https://naserwis.pl/en/","EN","core"
"SRCH-EN-A-CORE","PC-LAPTOP-REPAIR","laptop cleaning warsaw","Exact","Paused","https://naserwis.pl/en/","EN","core"
"SRCH-EN-A-CORE","IT-GENERAL","it service warsaw","Phrase","Paused","https://naserwis.pl/en/","EN","core"
"SRCH-EN-A-CORE","IT-GENERAL","it service warsaw","Exact","Paused","https://naserwis.pl/en/","EN","core"
"SRCH-EN-A-CORE","IT-GENERAL","it support warsaw","Phrase","Paused","https://naserwis.pl/en/","EN","core"
"SRCH-EN-A-CORE","IT-GENERAL","it support warsaw","Exact","Paused","https://naserwis.pl/en/","EN","core"
"SRCH-EN-A-CORE","IT-GENERAL","home it support warsaw","Phrase","Paused","https://naserwis.pl/en/","EN","core"
"SRCH-EN-A-CORE","IT-GENERAL","home it support warsaw","Exact","Paused","https://naserwis.pl/en/","EN","core"
"SRCH-EN-A-CORE","IT-GENERAL","on site it support warsaw","Phrase","Paused","https://naserwis.pl/en/","EN","core"
"SRCH-EN-A-CORE","IT-GENERAL","on site it support warsaw","Exact","Paused","https://naserwis.pl/en/","EN","core"
"SRCH-EN-A-CORE","IT-GENERAL","computer help warsaw","Phrase","Paused","https://naserwis.pl/en/","EN","core"
"SRCH-EN-A-CORE","IT-GENERAL","computer help warsaw","Exact","Paused","https://naserwis.pl/en/","EN","core"
"SRCH-EN-A-CORE","IT-GENERAL","network technician warsaw","Phrase","Paused","https://naserwis.pl/en/","EN","core"
"SRCH-EN-A-CORE","IT-GENERAL","network technician warsaw","Exact","Paused","https://naserwis.pl/en/","EN","core"
"SRCH-EN-B-WARSAW-FAR","WIFI-REPAIR","wifi repair","Phrase","Paused","https://naserwis.pl/en/naprawa-wifi/","EN","warsaw_far"
"SRCH-EN-B-WARSAW-FAR","WIFI-REPAIR","wifi repair","Exact","Paused","https://naserwis.pl/en/naprawa-wifi/","EN","warsaw_far"
"SRCH-EN-B-WARSAW-FAR","WIFI-REPAIR","wifi repair warsaw","Phrase","Paused","https://naserwis.pl/en/naprawa-wifi/","EN","warsaw_far"
"SRCH-EN-B-WARSAW-FAR","WIFI-REPAIR","wifi repair warsaw","Exact","Paused","https://naserwis.pl/en/naprawa-wifi/","EN","warsaw_far"
"SRCH-EN-B-WARSAW-FAR","WIFI-REPAIR","router setup","Phrase","Paused","https://naserwis.pl/en/naprawa-wifi/","EN","warsaw_far"
"SRCH-EN-B-WARSAW-FAR","WIFI-REPAIR","router setup","Exact","Paused","https://naserwis.pl/en/naprawa-wifi/","EN","warsaw_far"
"SRCH-EN-B-WARSAW-FAR","WIFI-REPAIR","router setup warsaw","Phrase","Paused","https://naserwis.pl/en/naprawa-wifi/","EN","warsaw_far"
"SRCH-EN-B-WARSAW-FAR","WIFI-REPAIR","router setup warsaw","Exact","Paused","https://naserwis.pl/en/naprawa-wifi/","EN","warsaw_far"
"SRCH-EN-B-WARSAW-FAR","WIFI-REPAIR","mesh wifi installation","Phrase","Paused","https://naserwis.pl/en/naprawa-wifi/","EN","warsaw_far"
"SRCH-EN-B-WARSAW-FAR","WIFI-REPAIR","mesh wifi installation","Exact","Paused","https://naserwis.pl/en/naprawa-wifi/","EN","warsaw_far"
"SRCH-EN-B-WARSAW-FAR","WIFI-REPAIR","weak wifi signal","Phrase","Paused","https://naserwis.pl/en/naprawa-wifi/","EN","warsaw_far"
"SRCH-EN-B-WARSAW-FAR","WIFI-REPAIR","weak wifi signal","Exact","Paused","https://naserwis.pl/en/naprawa-wifi/","EN","warsaw_far"
"SRCH-EN-B-WARSAW-FAR","WIFI-REPAIR","wifi not working","Phrase","Paused","https://naserwis.pl/en/naprawa-wifi/","EN","warsaw_far"
"SRCH-EN-B-WARSAW-FAR","WIFI-REPAIR","wifi not working","Exact","Paused","https://naserwis.pl/en/naprawa-wifi/","EN","warsaw_far"
"SRCH-EN-B-WARSAW-FAR","LAN-INSTALL","lan installation","Phrase","Paused","https://naserwis.pl/en/montaz-sieci/","EN","warsaw_far"
"SRCH-EN-B-WARSAW-FAR","LAN-INSTALL","lan installation","Exact","Paused","https://naserwis.pl/en/montaz-sieci/","EN","warsaw_far"
"SRCH-EN-B-WARSAW-FAR","LAN-INSTALL","lan installation warsaw","Phrase","Paused","https://naserwis.pl/en/montaz-sieci/","EN","warsaw_far"
"SRCH-EN-B-WARSAW-FAR","LAN-INSTALL","lan installation warsaw","Exact","Paused","https://naserwis.pl/en/montaz-sieci/","EN","warsaw_far"
"SRCH-EN-B-WARSAW-FAR","LAN-INSTALL","structured cabling warsaw","Phrase","Paused","https://naserwis.pl/en/montaz-sieci/","EN","warsaw_far"
"SRCH-EN-B-WARSAW-FAR","LAN-INSTALL","structured cabling warsaw","Exact","Paused","https://naserwis.pl/en/montaz-sieci/","EN","warsaw_far"
"SRCH-EN-B-WARSAW-FAR","LAN-INSTALL","rj45 socket installation","Phrase","Paused","https://naserwis.pl/en/montaz-sieci/","EN","warsaw_far"
"SRCH-EN-B-WARSAW-FAR","LAN-INSTALL","rj45 socket installation","Exact","Paused","https://naserwis.pl/en/montaz-sieci/","EN","warsaw_far"
"SRCH-EN-B-WARSAW-FAR","LAN-INSTALL","rj45 cable termination","Phrase","Paused","https://naserwis.pl/en/montaz-sieci/","EN","warsaw_far"
"SRCH-EN-B-WARSAW-FAR","LAN-INSTALL","rj45 cable termination","Exact","Paused","https://naserwis.pl/en/montaz-sieci/","EN","warsaw_far"
"SRCH-EN-B-WARSAW-FAR","LAN-INSTALL","computer network installation","Phrase","Paused","https://naserwis.pl/en/montaz-sieci/","EN","warsaw_far"
"SRCH-EN-B-WARSAW-FAR","LAN-INSTALL","computer network installation","Exact","Paused","https://naserwis.pl/en/montaz-sieci/","EN","warsaw_far"
"SRCH-EN-B-WARSAW-FAR","LAN-INSTALL","rack cabinet installation","Phrase","Paused","https://naserwis.pl/en/montaz-sieci/","EN","warsaw_far"
"SRCH-EN-B-WARSAW-FAR","LAN-INSTALL","rack cabinet installation","Exact","Paused","https://naserwis.pl/en/montaz-sieci/","EN","warsaw_far"
"SRCH-EN-B-WARSAW-FAR","LAN-CCTV-REPAIR","lan repair","Phrase","Paused","https://naserwis.pl/en/naprawa-sieci/","EN","warsaw_far"
"SRCH-EN-B-WARSAW-FAR","LAN-CCTV-REPAIR","lan repair","Exact","Paused","https://naserwis.pl/en/naprawa-sieci/","EN","warsaw_far"
"SRCH-EN-B-WARSAW-FAR","LAN-CCTV-REPAIR","lan repair warsaw","Phrase","Paused","https://naserwis.pl/en/naprawa-sieci/","EN","warsaw_far"
"SRCH-EN-B-WARSAW-FAR","LAN-CCTV-REPAIR","lan repair warsaw","Exact","Paused","https://naserwis.pl/en/naprawa-sieci/","EN","warsaw_far"
"SRCH-EN-B-WARSAW-FAR","LAN-CCTV-REPAIR","computer network service","Phrase","Paused","https://naserwis.pl/en/naprawa-sieci/","EN","warsaw_far"
"SRCH-EN-B-WARSAW-FAR","LAN-CCTV-REPAIR","computer network service","Exact","Paused","https://naserwis.pl/en/naprawa-sieci/","EN","warsaw_far"
"SRCH-EN-B-WARSAW-FAR","LAN-CCTV-REPAIR","lan diagnostics","Phrase","Paused","https://naserwis.pl/en/naprawa-sieci/","EN","warsaw_far"
"SRCH-EN-B-WARSAW-FAR","LAN-CCTV-REPAIR","lan diagnostics","Exact","Paused","https://naserwis.pl/en/naprawa-sieci/","EN","warsaw_far"
"SRCH-EN-B-WARSAW-FAR","LAN-CCTV-REPAIR","network cabling repair","Phrase","Paused","https://naserwis.pl/en/naprawa-sieci/","EN","warsaw_far"
"SRCH-EN-B-WARSAW-FAR","LAN-CCTV-REPAIR","network cabling repair","Exact","Paused","https://naserwis.pl/en/naprawa-sieci/","EN","warsaw_far"
"SRCH-EN-B-WARSAW-FAR","LAN-CCTV-REPAIR","cctv repair warsaw","Phrase","Paused","https://naserwis.pl/en/naprawa-sieci/","EN","warsaw_far"
"SRCH-EN-B-WARSAW-FAR","LAN-CCTV-REPAIR","cctv repair warsaw","Exact","Paused","https://naserwis.pl/en/naprawa-sieci/","EN","warsaw_far"
"SRCH-EN-B-WARSAW-FAR","LAN-CCTV-REPAIR","rj45 socket repair","Phrase","Paused","https://naserwis.pl/en/naprawa-sieci/","EN","warsaw_far"
"SRCH-EN-B-WARSAW-FAR","LAN-CCTV-REPAIR","rj45 socket repair","Exact","Paused","https://naserwis.pl/en/naprawa-sieci/","EN","warsaw_far"
"SRCH-EN-B-WARSAW-FAR","PC-LAPTOP-REPAIR","laptop repair warsaw","Phrase","Paused","https://naserwis.pl/en/","EN","warsaw_far"
"SRCH-EN-B-WARSAW-FAR","PC-LAPTOP-REPAIR","laptop repair warsaw","Exact","Paused","https://naserwis.pl/en/","EN","warsaw_far"
"SRCH-EN-B-WARSAW-FAR","PC-LAPTOP-REPAIR","computer repair warsaw","Phrase","Paused","https://naserwis.pl/en/","EN","warsaw_far"
"SRCH-EN-B-WARSAW-FAR","PC-LAPTOP-REPAIR","computer repair warsaw","Exact","Paused","https://naserwis.pl/en/","EN","warsaw_far"
"SRCH-EN-B-WARSAW-FAR","PC-LAPTOP-REPAIR","computer service warsaw","Phrase","Paused","https://naserwis.pl/en/","EN","warsaw_far"
"SRCH-EN-B-WARSAW-FAR","PC-LAPTOP-REPAIR","computer service warsaw","Exact","Paused","https://naserwis.pl/en/","EN","warsaw_far"
"SRCH-EN-B-WARSAW-FAR","PC-LAPTOP-REPAIR","computer technician warsaw","Phrase","Paused","https://naserwis.pl/en/","EN","warsaw_far"
"SRCH-EN-B-WARSAW-FAR","PC-LAPTOP-REPAIR","computer technician warsaw","Exact","Paused","https://naserwis.pl/en/","EN","warsaw_far"
"SRCH-EN-B-WARSAW-FAR","PC-LAPTOP-REPAIR","slow computer repair","Phrase","Paused","https://naserwis.pl/en/","EN","warsaw_far"
"SRCH-EN-B-WARSAW-FAR","PC-LAPTOP-REPAIR","slow computer repair","Exact","Paused","https://naserwis.pl/en/","EN","warsaw_far"
"SRCH-EN-B-WARSAW-FAR","PC-LAPTOP-REPAIR","laptop diagnostics","Phrase","Paused","https://naserwis.pl/en/","EN","warsaw_far"
"SRCH-EN-B-WARSAW-FAR","PC-LAPTOP-REPAIR","laptop diagnostics","Exact","Paused","https://naserwis.pl/en/","EN","warsaw_far"
"SRCH-EN-B-WARSAW-FAR","PC-LAPTOP-REPAIR","laptop cleaning warsaw","Phrase","Paused","https://naserwis.pl/en/","EN","warsaw_far"
"SRCH-EN-B-WARSAW-FAR","PC-LAPTOP-REPAIR","laptop cleaning warsaw","Exact","Paused","https://naserwis.pl/en/","EN","warsaw_far"
"SRCH-EN-B-WARSAW-FAR","IT-GENERAL","it service warsaw","Phrase","Paused","https://naserwis.pl/en/","EN","warsaw_far"
"SRCH-EN-B-WARSAW-FAR","IT-GENERAL","it service warsaw","Exact","Paused","https://naserwis.pl/en/","EN","warsaw_far"
"SRCH-EN-B-WARSAW-FAR","IT-GENERAL","it support warsaw","Phrase","Paused","https://naserwis.pl/en/","EN","warsaw_far"
"SRCH-EN-B-WARSAW-FAR","IT-GENERAL","it support warsaw","Exact","Paused","https://naserwis.pl/en/","EN","warsaw_far"
"SRCH-EN-B-WARSAW-FAR","IT-GENERAL","home it support warsaw","Phrase","Paused","https://naserwis.pl/en/","EN","warsaw_far"
"SRCH-EN-B-WARSAW-FAR","IT-GENERAL","home it support warsaw","Exact","Paused","https://naserwis.pl/en/","EN","warsaw_far"
"SRCH-EN-B-WARSAW-FAR","IT-GENERAL","on site it support warsaw","Phrase","Paused","https://naserwis.pl/en/","EN","warsaw_far"
"SRCH-EN-B-WARSAW-FAR","IT-GENERAL","on site it support warsaw","Exact","Paused","https://naserwis.pl/en/","EN","warsaw_far"
"SRCH-EN-B-WARSAW-FAR","IT-GENERAL","computer help warsaw","Phrase","Paused","https://naserwis.pl/en/","EN","warsaw_far"
"SRCH-EN-B-WARSAW-FAR","IT-GENERAL","computer help warsaw","Exact","Paused","https://naserwis.pl/en/","EN","warsaw_far"
"SRCH-EN-B-WARSAW-FAR","IT-GENERAL","network technician warsaw","Phrase","Paused","https://naserwis.pl/en/","EN","warsaw_far"
"SRCH-EN-B-WARSAW-FAR","IT-GENERAL","network technician warsaw","Exact","Paused","https://naserwis.pl/en/","EN","warsaw_far"
"SRCH-EN-C-OUTSIDE","WIFI-REPAIR","wifi repair","Phrase","Paused","https://naserwis.pl/en/naprawa-wifi/","EN","outside"
"SRCH-EN-C-OUTSIDE","WIFI-REPAIR","wifi repair","Exact","Paused","https://naserwis.pl/en/naprawa-wifi/","EN","outside"
"SRCH-EN-C-OUTSIDE","WIFI-REPAIR","wifi repair warsaw","Phrase","Paused","https://naserwis.pl/en/naprawa-wifi/","EN","outside"
"SRCH-EN-C-OUTSIDE","WIFI-REPAIR","wifi repair warsaw","Exact","Paused","https://naserwis.pl/en/naprawa-wifi/","EN","outside"
"SRCH-EN-C-OUTSIDE","WIFI-REPAIR","router setup","Phrase","Paused","https://naserwis.pl/en/naprawa-wifi/","EN","outside"
"SRCH-EN-C-OUTSIDE","WIFI-REPAIR","router setup","Exact","Paused","https://naserwis.pl/en/naprawa-wifi/","EN","outside"
"SRCH-EN-C-OUTSIDE","WIFI-REPAIR","router setup warsaw","Phrase","Paused","https://naserwis.pl/en/naprawa-wifi/","EN","outside"
"SRCH-EN-C-OUTSIDE","WIFI-REPAIR","router setup warsaw","Exact","Paused","https://naserwis.pl/en/naprawa-wifi/","EN","outside"
"SRCH-EN-C-OUTSIDE","WIFI-REPAIR","mesh wifi installation","Phrase","Paused","https://naserwis.pl/en/naprawa-wifi/","EN","outside"
"SRCH-EN-C-OUTSIDE","WIFI-REPAIR","mesh wifi installation","Exact","Paused","https://naserwis.pl/en/naprawa-wifi/","EN","outside"
"SRCH-EN-C-OUTSIDE","WIFI-REPAIR","weak wifi signal","Phrase","Paused","https://naserwis.pl/en/naprawa-wifi/","EN","outside"
"SRCH-EN-C-OUTSIDE","WIFI-REPAIR","weak wifi signal","Exact","Paused","https://naserwis.pl/en/naprawa-wifi/","EN","outside"
"SRCH-EN-C-OUTSIDE","WIFI-REPAIR","wifi not working","Phrase","Paused","https://naserwis.pl/en/naprawa-wifi/","EN","outside"
"SRCH-EN-C-OUTSIDE","WIFI-REPAIR","wifi not working","Exact","Paused","https://naserwis.pl/en/naprawa-wifi/","EN","outside"
"SRCH-EN-C-OUTSIDE","LAN-INSTALL","lan installation","Phrase","Paused","https://naserwis.pl/en/montaz-sieci/","EN","outside"
"SRCH-EN-C-OUTSIDE","LAN-INSTALL","lan installation","Exact","Paused","https://naserwis.pl/en/montaz-sieci/","EN","outside"
"SRCH-EN-C-OUTSIDE","LAN-INSTALL","lan installation warsaw","Phrase","Paused","https://naserwis.pl/en/montaz-sieci/","EN","outside"
"SRCH-EN-C-OUTSIDE","LAN-INSTALL","lan installation warsaw","Exact","Paused","https://naserwis.pl/en/montaz-sieci/","EN","outside"
"SRCH-EN-C-OUTSIDE","LAN-INSTALL","structured cabling warsaw","Phrase","Paused","https://naserwis.pl/en/montaz-sieci/","EN","outside"
"SRCH-EN-C-OUTSIDE","LAN-INSTALL","structured cabling warsaw","Exact","Paused","https://naserwis.pl/en/montaz-sieci/","EN","outside"
"SRCH-EN-C-OUTSIDE","LAN-INSTALL","rj45 socket installation","Phrase","Paused","https://naserwis.pl/en/montaz-sieci/","EN","outside"
"SRCH-EN-C-OUTSIDE","LAN-INSTALL","rj45 socket installation","Exact","Paused","https://naserwis.pl/en/montaz-sieci/","EN","outside"
"SRCH-EN-C-OUTSIDE","LAN-INSTALL","rj45 cable termination","Phrase","Paused","https://naserwis.pl/en/montaz-sieci/","EN","outside"
"SRCH-EN-C-OUTSIDE","LAN-INSTALL","rj45 cable termination","Exact","Paused","https://naserwis.pl/en/montaz-sieci/","EN","outside"
"SRCH-EN-C-OUTSIDE","LAN-INSTALL","computer network installation","Phrase","Paused","https://naserwis.pl/en/montaz-sieci/","EN","outside"
"SRCH-EN-C-OUTSIDE","LAN-INSTALL","computer network installation","Exact","Paused","https://naserwis.pl/en/montaz-sieci/","EN","outside"
"SRCH-EN-C-OUTSIDE","LAN-INSTALL","rack cabinet installation","Phrase","Paused","https://naserwis.pl/en/montaz-sieci/","EN","outside"
"SRCH-EN-C-OUTSIDE","LAN-INSTALL","rack cabinet installation","Exact","Paused","https://naserwis.pl/en/montaz-sieci/","EN","outside"
"SRCH-EN-C-OUTSIDE","LAN-CCTV-REPAIR","lan repair","Phrase","Paused","https://naserwis.pl/en/naprawa-sieci/","EN","outside"
"SRCH-EN-C-OUTSIDE","LAN-CCTV-REPAIR","lan repair","Exact","Paused","https://naserwis.pl/en/naprawa-sieci/","EN","outside"
"SRCH-EN-C-OUTSIDE","LAN-CCTV-REPAIR","lan repair warsaw","Phrase","Paused","https://naserwis.pl/en/naprawa-sieci/","EN","outside"
"SRCH-EN-C-OUTSIDE","LAN-CCTV-REPAIR","lan repair warsaw","Exact","Paused","https://naserwis.pl/en/naprawa-sieci/","EN","outside"
"SRCH-EN-C-OUTSIDE","LAN-CCTV-REPAIR","computer network service","Phrase","Paused","https://naserwis.pl/en/naprawa-sieci/","EN","outside"
"SRCH-EN-C-OUTSIDE","LAN-CCTV-REPAIR","computer network service","Exact","Paused","https://naserwis.pl/en/naprawa-sieci/","EN","outside"
"SRCH-EN-C-OUTSIDE","LAN-CCTV-REPAIR","lan diagnostics","Phrase","Paused","https://naserwis.pl/en/naprawa-sieci/","EN","outside"
"SRCH-EN-C-OUTSIDE","LAN-CCTV-REPAIR","lan diagnostics","Exact","Paused","https://naserwis.pl/en/naprawa-sieci/","EN","outside"
"SRCH-EN-C-OUTSIDE","LAN-CCTV-REPAIR","network cabling repair","Phrase","Paused","https://naserwis.pl/en/naprawa-sieci/","EN","outside"
"SRCH-EN-C-OUTSIDE","LAN-CCTV-REPAIR","network cabling repair","Exact","Paused","https://naserwis.pl/en/naprawa-sieci/","EN","outside"
"SRCH-EN-C-OUTSIDE","LAN-CCTV-REPAIR","cctv repair warsaw","Phrase","Paused","https://naserwis.pl/en/naprawa-sieci/","EN","outside"
"SRCH-EN-C-OUTSIDE","LAN-CCTV-REPAIR","cctv repair warsaw","Exact","Paused","https://naserwis.pl/en/naprawa-sieci/","EN","outside"
"SRCH-EN-C-OUTSIDE","LAN-CCTV-REPAIR","rj45 socket repair","Phrase","Paused","https://naserwis.pl/en/naprawa-sieci/","EN","outside"
"SRCH-EN-C-OUTSIDE","LAN-CCTV-REPAIR","rj45 socket repair","Exact","Paused","https://naserwis.pl/en/naprawa-sieci/","EN","outside"
"SRCH-EN-C-OUTSIDE","PC-LAPTOP-REPAIR","laptop repair warsaw","Phrase","Paused","https://naserwis.pl/en/","EN","outside"
"SRCH-EN-C-OUTSIDE","PC-LAPTOP-REPAIR","laptop repair warsaw","Exact","Paused","https://naserwis.pl/en/","EN","outside"
"SRCH-EN-C-OUTSIDE","PC-LAPTOP-REPAIR","computer repair warsaw","Phrase","Paused","https://naserwis.pl/en/","EN","outside"
"SRCH-EN-C-OUTSIDE","PC-LAPTOP-REPAIR","computer repair warsaw","Exact","Paused","https://naserwis.pl/en/","EN","outside"
"SRCH-EN-C-OUTSIDE","PC-LAPTOP-REPAIR","computer service warsaw","Phrase","Paused","https://naserwis.pl/en/","EN","outside"
"SRCH-EN-C-OUTSIDE","PC-LAPTOP-REPAIR","computer service warsaw","Exact","Paused","https://naserwis.pl/en/","EN","outside"
"SRCH-EN-C-OUTSIDE","PC-LAPTOP-REPAIR","computer technician warsaw","Phrase","Paused","https://naserwis.pl/en/","EN","outside"
"SRCH-EN-C-OUTSIDE","PC-LAPTOP-REPAIR","computer technician warsaw","Exact","Paused","https://naserwis.pl/en/","EN","outside"
"SRCH-EN-C-OUTSIDE","PC-LAPTOP-REPAIR","slow computer repair","Phrase","Paused","https://naserwis.pl/en/","EN","outside"
"SRCH-EN-C-OUTSIDE","PC-LAPTOP-REPAIR","slow computer repair","Exact","Paused","https://naserwis.pl/en/","EN","outside"
"SRCH-EN-C-OUTSIDE","PC-LAPTOP-REPAIR","laptop diagnostics","Phrase","Paused","https://naserwis.pl/en/","EN","outside"
"SRCH-EN-C-OUTSIDE","PC-LAPTOP-REPAIR","laptop diagnostics","Exact","Paused","https://naserwis.pl/en/","EN","outside"
"SRCH-EN-C-OUTSIDE","PC-LAPTOP-REPAIR","laptop cleaning warsaw","Phrase","Paused","https://naserwis.pl/en/","EN","outside"
"SRCH-EN-C-OUTSIDE","PC-LAPTOP-REPAIR","laptop cleaning warsaw","Exact","Paused","https://naserwis.pl/en/","EN","outside"
"SRCH-EN-C-OUTSIDE","IT-GENERAL","it service warsaw","Phrase","Paused","https://naserwis.pl/en/","EN","outside"
"SRCH-EN-C-OUTSIDE","IT-GENERAL","it service warsaw","Exact","Paused","https://naserwis.pl/en/","EN","outside"
"SRCH-EN-C-OUTSIDE","IT-GENERAL","it support warsaw","Phrase","Paused","https://naserwis.pl/en/","EN","outside"
"SRCH-EN-C-OUTSIDE","IT-GENERAL","it support warsaw","Exact","Paused","https://naserwis.pl/en/","EN","outside"
"SRCH-EN-C-OUTSIDE","IT-GENERAL","home it support warsaw","Phrase","Paused","https://naserwis.pl/en/","EN","outside"
"SRCH-EN-C-OUTSIDE","IT-GENERAL","home it support warsaw","Exact","Paused","https://naserwis.pl/en/","EN","outside"
"SRCH-EN-C-OUTSIDE","IT-GENERAL","on site it support warsaw","Phrase","Paused","https://naserwis.pl/en/","EN","outside"
"SRCH-EN-C-OUTSIDE","IT-GENERAL","on site it support warsaw","Exact","Paused","https://naserwis.pl/en/","EN","outside"
"SRCH-EN-C-OUTSIDE","IT-GENERAL","computer help warsaw","Phrase","Paused","https://naserwis.pl/en/","EN","outside"
"SRCH-EN-C-OUTSIDE","IT-GENERAL","computer help warsaw","Exact","Paused","https://naserwis.pl/en/","EN","outside"
"SRCH-EN-C-OUTSIDE","IT-GENERAL","network technician warsaw","Phrase","Paused","https://naserwis.pl/en/","EN","outside"
"SRCH-EN-C-OUTSIDE","IT-GENERAL","network technician warsaw","Exact","Paused","https://naserwis.pl/en/","EN","outside"
